Copyright 1986-2022 Xilinx, Inc. All Rights Reserved. Copyright 2022-2024 Advanced Micro Devices, Inc. All Rights Reserved.
------------------------------------------------------------------------------------------------------------------------------------------------------------------------------------------------------
| Tool Version : Vivado v.2024.1 (win64) Build 5076996 Wed May 22 18:37:14 MDT 2024
| Date         : Thu Oct  8 13:05:39 2026
| Host         : faruk-zenbook running 64-bit major release  (build 9200)
| Command      : report_timing_summary -max_paths 10 -report_unconstrained -file top_timing_summary_routed.rpt -pb top_timing_summary_routed.pb -rpx top_timing_summary_routed.rpx -warn_on_violation
| Design       : top
| Device       : 7a35t-cpg236
| Speed File   : -1  PRODUCTION 1.23 2018-06-13
| Design State : Routed
------------------------------------------------------------------------------------------------------------------------------------------------------------------------------------------------------

Timing Summary Report

------------------------------------------------------------------------------------------------
| Timer Settings
| --------------
------------------------------------------------------------------------------------------------

  Enable Multi Corner Analysis               :  Yes
  Enable Pessimism Removal                   :  Yes
  Pessimism Removal Resolution               :  Nearest Common Node
  Enable Input Delay Default Clock           :  No
  Enable Preset / Clear Arcs                 :  No
  Disable Flight Delays                      :  No
  Ignore I/O Paths                           :  No
  Timing Early Launch at Borrowing Latches   :  No
  Borrow Time for Max Delay Exceptions       :  Yes
  Merge Timing Exceptions                    :  Yes
  Inter-SLR Compensation                     :  Conservative

  Corner  Analyze    Analyze    
  Name    Max Paths  Min Paths  
  ------  ---------  ---------  
  Slow    Yes        Yes        
  Fast    Yes        Yes        


------------------------------------------------------------------------------------------------
| Report Methodology
| ------------------
------------------------------------------------------------------------------------------------

Rule       Severity  Description                    Violations  
---------  --------  -----------------------------  ----------  
TIMING-18  Warning   Missing input or output delay  19          

Note: This report is based on the most recent report_methodology run and may not be up-to-date. Run report_methodology on the current design for the latest report.



check_timing report

Table of Contents
-----------------
1. checking no_clock (0)
2. checking constant_clock (0)
3. checking pulse_width_clock (0)
4. checking unconstrained_internal_endpoints (0)
5. checking no_input_delay (3)
6. checking no_output_delay (16)
7. checking multiple_clock (0)
8. checking generated_clocks (0)
9. checking loops (0)
10. checking partial_input_delay (0)
11. checking partial_output_delay (0)
12. checking latch_loops (0)

1. checking no_clock (0)
------------------------
 There are 0 register/latch pins with no clock.


2. checking constant_clock (0)
------------------------------
 There are 0 register/latch pins with constant_clock.


3. checking pulse_width_clock (0)
---------------------------------
 There are 0 register/latch pins which need pulse_width check


4. checking unconstrained_internal_endpoints (0)
------------------------------------------------
 There are 0 pins that are not constrained for maximum delay.

 There are 0 pins that are not constrained for maximum delay due to constant clock.


5. checking no_input_delay (3)
------------------------------
 There are 3 input ports with no input delay specified. (HIGH)

 There are 0 input ports with no input delay but user has a false path constraint.


6. checking no_output_delay (16)
--------------------------------
 There are 16 ports with no output delay specified. (HIGH)

 There are 0 ports with no output delay but user has a false path constraint

 There are 0 ports with no output delay but with a timing clock defined on it or propagating through it


7. checking multiple_clock (0)
------------------------------
 There are 0 register/latch pins with multiple clocks.


8. checking generated_clocks (0)
--------------------------------
 There are 0 generated clocks that are not connected to a clock source.


9. checking loops (0)
---------------------
 There are 0 combinational loops in the design.


10. checking partial_input_delay (0)
------------------------------------
 There are 0 input ports with partial input delay specified.


11. checking partial_output_delay (0)
-------------------------------------
 There are 0 ports with partial output delay specified.


12. checking latch_loops (0)
----------------------------
 There are 0 combinational latch loops in the design through latch input



------------------------------------------------------------------------------------------------
| Design Timing Summary
| ---------------------
------------------------------------------------------------------------------------------------

    WNS(ns)      TNS(ns)  TNS Failing Endpoints  TNS Total Endpoints      WHS(ns)      THS(ns)  THS Failing Endpoints  THS Total Endpoints     WPWS(ns)     TPWS(ns)  TPWS Failing Endpoints  TPWS Total Endpoints  
    -------      -------  ---------------------  -------------------      -------      -------  ---------------------  -------------------     --------     --------  ----------------------  --------------------  
      6.421        0.000                      0                   80        0.171        0.000                      0                   80        4.500        0.000                       0                    47  


All user specified timing constraints are met.


------------------------------------------------------------------------------------------------
| Clock Summary
| -------------
------------------------------------------------------------------------------------------------

Clock        Waveform(ns)       Period(ns)      Frequency(MHz)
-----        ------------       ----------      --------------
sys_clk_pin  {0.000 5.000}      10.000          100.000         


------------------------------------------------------------------------------------------------
| Intra Clock Table
| -----------------
------------------------------------------------------------------------------------------------

Clock             WNS(ns)      TNS(ns)  TNS Failing Endpoints  TNS Total Endpoints      WHS(ns)      THS(ns)  THS Failing Endpoints  THS Total Endpoints     WPWS(ns)     TPWS(ns)  TPWS Failing Endpoints  TPWS Total Endpoints  
-----             -------      -------  ---------------------  -------------------      -------      -------  ---------------------  -------------------     --------     --------  ----------------------  --------------------  
sys_clk_pin         6.421        0.000                      0                   80        0.171        0.000                      0                   80        4.500        0.000                       0                    47  


------------------------------------------------------------------------------------------------
| Inter Clock Table
| -----------------
------------------------------------------------------------------------------------------------

From Clock    To Clock          WNS(ns)      TNS(ns)  TNS Failing Endpoints  TNS Total Endpoints      WHS(ns)      THS(ns)  THS Failing Endpoints  THS Total Endpoints  
----------    --------          -------      -------  ---------------------  -------------------      -------      -------  ---------------------  -------------------  


------------------------------------------------------------------------------------------------
| Other Path Groups Table
| -----------------------
------------------------------------------------------------------------------------------------

Path Group    From Clock    To Clock          WNS(ns)      TNS(ns)  TNS Failing Endpoints  TNS Total Endpoints      WHS(ns)      THS(ns)  THS Failing Endpoints  THS Total Endpoints  
----------    ----------    --------          -------      -------  ---------------------  -------------------      -------      -------  ---------------------  -------------------  


------------------------------------------------------------------------------------------------
| User Ignored Path Table
| -----------------------
------------------------------------------------------------------------------------------------

Path Group    From Clock    To Clock    
----------    ----------    --------    


------------------------------------------------------------------------------------------------
| Unconstrained Path Table
| ------------------------
------------------------------------------------------------------------------------------------

Path Group    From Clock    To Clock    
----------    ----------    --------    
(none)        sys_clk_pin                 
(none)                      sys_clk_pin   


------------------------------------------------------------------------------------------------
| Timing Details
| --------------
------------------------------------------------------------------------------------------------


---------------------------------------------------------------------------------------------------
From Clock:  sys_clk_pin
  To Clock:  sys_clk_pin

Setup :            0  Failing Endpoints,  Worst Slack        6.421ns,  Total Violation        0.000ns
Hold  :            0  Failing Endpoints,  Worst Slack        0.171ns,  Total Violation        0.000ns
PW    :            0  Failing Endpoints,  Worst Slack        4.500ns,  Total Violation        0.000ns
---------------------------------------------------------------------------------------------------


Max Delay Paths
--------------------------------------------------------------------------------------
Slack (MET) :             6.421ns  (required time - arrival time)
  Source:                 debounce_i/timer_reg[5]/C
                            (rising edge-triggered cell FDRE clocked by sys_clk_pin  {rise@0.000ns fall@5.000ns period=10.000ns})
  Destination:            debounce_i/timer_reg[10]/R
                            (rising edge-triggered cell FDRE clocked by sys_clk_pin  {rise@0.000ns fall@5.000ns period=10.000ns})
  Path Group:             sys_clk_pin
  Path Type:              Setup (Max at Slow Process Corner)
  Requirement:            10.000ns  (sys_clk_pin rise@10.000ns - sys_clk_pin rise@0.000ns)
  Data Path Delay:        3.089ns  (logic 0.828ns (26.804%)  route 2.261ns (73.196%))
  Logic Levels:           3  (LUT6=3)
  Clock Path Skew:        -0.026ns (DCD - SCD + CPR)
    Destination Clock Delay (DCD):    4.858ns = ( 14.858 - 10.000 ) 
    Source Clock Delay      (SCD):    5.158ns
    Clock Pessimism Removal (CPR):    0.274ns
  Clock Uncertainty:      0.035ns  ((TSJ^2 + TIJ^2)^1/2 + DJ) / 2 + PE
    Total System Jitter     (TSJ):    0.071ns
    Total Input Jitter      (TIJ):    0.000ns
    Discrete Jitter          (DJ):    0.000ns
    Phase Error              (PE):    0.000ns

    Location             Delay type                Incr(ns)  Path(ns)    Netlist Resource(s)
  -------------------------------------------------------------------    -------------------
                         (clock sys_clk_pin rise edge)
                                                      0.000     0.000 r  
    W5                                                0.000     0.000 r  CLK (IN)
                         net (fo=0)                   0.000     0.000    CLK
    W5                   IBUF (Prop_ibuf_I_O)         1.458     1.458 r  CLK_IBUF_inst/O
                         net (fo=1, routed)           1.967     3.425    CLK_IBUF
    BUFGCTRL_X0Y0        BUFG (Prop_bufg_I_O)         0.096     3.521 r  CLK_IBUF_BUFG_inst/O
                         net (fo=46, routed)          1.637     5.158    debounce_i/CLK_IBUF_BUFG
    SLICE_X1Y8           FDRE                                         r  debounce_i/timer_reg[5]/C
  -------------------------------------------------------------------    -------------------
    SLICE_X1Y8           FDRE (Prop_fdre_C_Q)         0.456     5.614 r  debounce_i/timer_reg[5]/Q
                         net (fo=2, routed)           0.875     6.489    debounce_i/timer_reg[5]
    SLICE_X0Y7           LUT6 (Prop_lut6_I4_O)        0.124     6.613 r  debounce_i/timer[0]_i_7/O
                         net (fo=1, routed)           0.514     7.127    debounce_i/timer[0]_i_7_n_0
    SLICE_X0Y9           LUT6 (Prop_lut6_I4_O)        0.124     7.251 r  debounce_i/timer[0]_i_5/O
                         net (fo=2, routed)           0.170     7.421    debounce_i/timer[0]_i_5_n_0
    SLICE_X0Y9           LUT6 (Prop_lut6_I4_O)        0.124     7.545 r  debounce_i/timer[0]_i_1/O
                         net (fo=20, routed)          0.702     8.247    debounce_i/timer[0]_i_1_n_0
    SLICE_X1Y9           FDRE                                         r  debounce_i/timer_reg[10]/R
  -------------------------------------------------------------------    -------------------

                         (clock sys_clk_pin rise edge)
                                                     10.000    10.000 r  
    W5                                                0.000    10.000 r  CLK (IN)
                         net (fo=0)                   0.000    10.000    CLK
    W5                   IBUF (Prop_ibuf_I_O)         1.388    11.388 r  CLK_IBUF_inst/O
                         net (fo=1, routed)           1.862    13.250    CLK_IBUF
    BUFGCTRL_X0Y0        BUFG (Prop_bufg_I_O)         0.091    13.341 r  CLK_IBUF_BUFG_inst/O
                         net (fo=46, routed)          1.517    14.858    debounce_i/CLK_IBUF_BUFG
    SLICE_X1Y9           FDRE                                         r  debounce_i/timer_reg[10]/C
                         clock pessimism              0.274    15.132    
                         clock uncertainty           -0.035    15.097    
    SLICE_X1Y9           FDRE (Setup_fdre_C_R)       -0.429    14.668    debounce_i/timer_reg[10]
  -------------------------------------------------------------------
                         required time                         14.668    
                         arrival time                          -8.247    
  -------------------------------------------------------------------
                         slack                                  6.421    

Slack (MET) :             6.421ns  (required time - arrival time)
  Source:                 debounce_i/timer_reg[5]/C
                            (rising edge-triggered cell FDRE clocked by sys_clk_pin  {rise@0.000ns fall@5.000ns period=10.000ns})
  Destination:            debounce_i/timer_reg[11]/R
                            (rising edge-triggered cell FDRE clocked by sys_clk_pin  {rise@0.000ns fall@5.000ns period=10.000ns})
  Path Group:             sys_clk_pin
  Path Type:              Setup (Max at Slow Process Corner)
  Requirement:            10.000ns  (sys_clk_pin rise@10.000ns - sys_clk_pin rise@0.000ns)
  Data Path Delay:        3.089ns  (logic 0.828ns (26.804%)  route 2.261ns (73.196%))
  Logic Levels:           3  (LUT6=3)
  Clock Path Skew:        -0.026ns (DCD - SCD + CPR)
    Destination Clock Delay (DCD):    4.858ns = ( 14.858 - 10.000 ) 
    Source Clock Delay      (SCD):    5.158ns
    Clock Pessimism Removal (CPR):    0.274ns
  Clock Uncertainty:      0.035ns  ((TSJ^2 + TIJ^2)^1/2 + DJ) / 2 + PE
    Total System Jitter     (TSJ):    0.071ns
    Total Input Jitter      (TIJ):    0.000ns
    Discrete Jitter          (DJ):    0.000ns
    Phase Error              (PE):    0.000ns

    Location             Delay type                Incr(ns)  Path(ns)    Netlist Resource(s)
  -------------------------------------------------------------------    -------------------
                         (clock sys_clk_pin rise edge)
                                                      0.000     0.000 r  
    W5                                                0.000     0.000 r  CLK (IN)
                         net (fo=0)                   0.000     0.000    CLK
    W5                   IBUF (Prop_ibuf_I_O)         1.458     1.458 r  CLK_IBUF_inst/O
                         net (fo=1, routed)           1.967     3.425    CLK_IBUF
    BUFGCTRL_X0Y0        BUFG (Prop_bufg_I_O)         0.096     3.521 r  CLK_IBUF_BUFG_inst/O
                         net (fo=46, routed)          1.637     5.158    debounce_i/CLK_IBUF_BUFG
    SLICE_X1Y8           FDRE                                         r  debounce_i/timer_reg[5]/C
  -------------------------------------------------------------------    -------------------
    SLICE_X1Y8           FDRE (Prop_fdre_C_Q)         0.456     5.614 r  debounce_i/timer_reg[5]/Q
                         net (fo=2, routed)           0.875     6.489    debounce_i/timer_reg[5]
    SLICE_X0Y7           LUT6 (Prop_lut6_I4_O)        0.124     6.613 r  debounce_i/timer[0]_i_7/O
                         net (fo=1, routed)           0.514     7.127    debounce_i/timer[0]_i_7_n_0
    SLICE_X0Y9           LUT6 (Prop_lut6_I4_O)        0.124     7.251 r  debounce_i/timer[0]_i_5/O
                         net (fo=2, routed)           0.170     7.421    debounce_i/timer[0]_i_5_n_0
    SLICE_X0Y9           LUT6 (Prop_lut6_I4_O)        0.124     7.545 r  debounce_i/timer[0]_i_1/O
                         net (fo=20, routed)          0.702     8.247    debounce_i/timer[0]_i_1_n_0
    SLICE_X1Y9           FDRE                                         r  debounce_i/timer_reg[11]/R
  -------------------------------------------------------------------    -------------------

                         (clock sys_clk_pin rise edge)
                                                     10.000    10.000 r  
    W5                                                0.000    10.000 r  CLK (IN)
                         net (fo=0)                   0.000    10.000    CLK
    W5                   IBUF (Prop_ibuf_I_O)         1.388    11.388 r  CLK_IBUF_inst/O
                         net (fo=1, routed)           1.862    13.250    CLK_IBUF
    BUFGCTRL_X0Y0        BUFG (Prop_bufg_I_O)         0.091    13.341 r  CLK_IBUF_BUFG_inst/O
                         net (fo=46, routed)          1.517    14.858    debounce_i/CLK_IBUF_BUFG
    SLICE_X1Y9           FDRE                                         r  debounce_i/timer_reg[11]/C
                         clock pessimism              0.274    15.132    
                         clock uncertainty           -0.035    15.097    
    SLICE_X1Y9           FDRE (Setup_fdre_C_R)       -0.429    14.668    debounce_i/timer_reg[11]
  -------------------------------------------------------------------
                         required time                         14.668    
                         arrival time                          -8.247    
  -------------------------------------------------------------------
                         slack                                  6.421    

Slack (MET) :             6.421ns  (required time - arrival time)
  Source:                 debounce_i/timer_reg[5]/C
                            (rising edge-triggered cell FDRE clocked by sys_clk_pin  {rise@0.000ns fall@5.000ns period=10.000ns})
  Destination:            debounce_i/timer_reg[8]/R
                            (rising edge-triggered cell FDRE clocked by sys_clk_pin  {rise@0.000ns fall@5.000ns period=10.000ns})
  Path Group:             sys_clk_pin
  Path Type:              Setup (Max at Slow Process Corner)
  Requirement:            10.000ns  (sys_clk_pin rise@10.000ns - sys_clk_pin rise@0.000ns)
  Data Path Delay:        3.089ns  (logic 0.828ns (26.804%)  route 2.261ns (73.196%))
  Logic Levels:           3  (LUT6=3)
  Clock Path Skew:        -0.026ns (DCD - SCD + CPR)
    Destination Clock Delay (DCD):    4.858ns = ( 14.858 - 10.000 ) 
    Source Clock Delay      (SCD):    5.158ns
    Clock Pessimism Removal (CPR):    0.274ns
  Clock Uncertainty:      0.035ns  ((TSJ^2 + TIJ^2)^1/2 + DJ) / 2 + PE
    Total System Jitter     (TSJ):    0.071ns
    Total Input Jitter      (TIJ):    0.000ns
    Discrete Jitter          (DJ):    0.000ns
    Phase Error              (PE):    0.000ns

    Location             Delay type                Incr(ns)  Path(ns)    Netlist Resource(s)
  -------------------------------------------------------------------    -------------------
                         (clock sys_clk_pin rise edge)
                                                      0.000     0.000 r  
    W5                                                0.000     0.000 r  CLK (IN)
                         net (fo=0)                   0.000     0.000    CLK
    W5                   IBUF (Prop_ibuf_I_O)         1.458     1.458 r  CLK_IBUF_inst/O
                         net (fo=1, routed)           1.967     3.425    CLK_IBUF
    BUFGCTRL_X0Y0        BUFG (Prop_bufg_I_O)         0.096     3.521 r  CLK_IBUF_BUFG_inst/O
                         net (fo=46, routed)          1.637     5.158    debounce_i/CLK_IBUF_BUFG
    SLICE_X1Y8           FDRE                                         r  debounce_i/timer_reg[5]/C
  -------------------------------------------------------------------    -------------------
    SLICE_X1Y8           FDRE (Prop_fdre_C_Q)         0.456     5.614 r  debounce_i/timer_reg[5]/Q
                         net (fo=2, routed)           0.875     6.489    debounce_i/timer_reg[5]
    SLICE_X0Y7           LUT6 (Prop_lut6_I4_O)        0.124     6.613 r  debounce_i/timer[0]_i_7/O
                         net (fo=1, routed)           0.514     7.127    debounce_i/timer[0]_i_7_n_0
    SLICE_X0Y9           LUT6 (Prop_lut6_I4_O)        0.124     7.251 r  debounce_i/timer[0]_i_5/O
                         net (fo=2, routed)           0.170     7.421    debounce_i/timer[0]_i_5_n_0
    SLICE_X0Y9           LUT6 (Prop_lut6_I4_O)        0.124     7.545 r  debounce_i/timer[0]_i_1/O
                         net (fo=20, routed)          0.702     8.247    debounce_i/timer[0]_i_1_n_0
    SLICE_X1Y9           FDRE                                         r  debounce_i/timer_reg[8]/R
  -------------------------------------------------------------------    -------------------

                         (clock sys_clk_pin rise edge)
                                                     10.000    10.000 r  
    W5                                                0.000    10.000 r  CLK (IN)
                         net (fo=0)                   0.000    10.000    CLK
    W5                   IBUF (Prop_ibuf_I_O)         1.388    11.388 r  CLK_IBUF_inst/O
                         net (fo=1, routed)           1.862    13.250    CLK_IBUF
    BUFGCTRL_X0Y0        BUFG (Prop_bufg_I_O)         0.091    13.341 r  CLK_IBUF_BUFG_inst/O
                         net (fo=46, routed)          1.517    14.858    debounce_i/CLK_IBUF_BUFG
    SLICE_X1Y9           FDRE                                         r  debounce_i/timer_reg[8]/C
                         clock pessimism              0.274    15.132    
                         clock uncertainty           -0.035    15.097    
    SLICE_X1Y9           FDRE (Setup_fdre_C_R)       -0.429    14.668    debounce_i/timer_reg[8]
  -------------------------------------------------------------------
                         required time                         14.668    
                         arrival time                          -8.247    
  -------------------------------------------------------------------
                         slack                                  6.421    

Slack (MET) :             6.421ns  (required time - arrival time)
  Source:                 debounce_i/timer_reg[5]/C
                            (rising edge-triggered cell FDRE clocked by sys_clk_pin  {rise@0.000ns fall@5.000ns period=10.000ns})
  Destination:            debounce_i/timer_reg[9]/R
                            (rising edge-triggered cell FDRE clocked by sys_clk_pin  {rise@0.000ns fall@5.000ns period=10.000ns})
  Path Group:             sys_clk_pin
  Path Type:              Setup (Max at Slow Process Corner)
  Requirement:            10.000ns  (sys_clk_pin rise@10.000ns - sys_clk_pin rise@0.000ns)
  Data Path Delay:        3.089ns  (logic 0.828ns (26.804%)  route 2.261ns (73.196%))
  Logic Levels:           3  (LUT6=3)
  Clock Path Skew:        -0.026ns (DCD - SCD + CPR)
    Destination Clock Delay (DCD):    4.858ns = ( 14.858 - 10.000 ) 
    Source Clock Delay      (SCD):    5.158ns
    Clock Pessimism Removal (CPR):    0.274ns
  Clock Uncertainty:      0.035ns  ((TSJ^2 + TIJ^2)^1/2 + DJ) / 2 + PE
    Total System Jitter     (TSJ):    0.071ns
    Total Input Jitter      (TIJ):    0.000ns
    Discrete Jitter          (DJ):    0.000ns
    Phase Error              (PE):    0.000ns

    Location             Delay type                Incr(ns)  Path(ns)    Netlist Resource(s)
  -------------------------------------------------------------------    -------------------
                         (clock sys_clk_pin rise edge)
                                                      0.000     0.000 r  
    W5                                                0.000     0.000 r  CLK (IN)
                         net (fo=0)                   0.000     0.000    CLK
    W5                   IBUF (Prop_ibuf_I_O)         1.458     1.458 r  CLK_IBUF_inst/O
                         net (fo=1, routed)           1.967     3.425    CLK_IBUF
    BUFGCTRL_X0Y0        BUFG (Prop_bufg_I_O)         0.096     3.521 r  CLK_IBUF_BUFG_inst/O
                         net (fo=46, routed)          1.637     5.158    debounce_i/CLK_IBUF_BUFG
    SLICE_X1Y8           FDRE                                         r  debounce_i/timer_reg[5]/C
  -------------------------------------------------------------------    -------------------
    SLICE_X1Y8           FDRE (Prop_fdre_C_Q)         0.456     5.614 r  debounce_i/timer_reg[5]/Q
                         net (fo=2, routed)           0.875     6.489    debounce_i/timer_reg[5]
    SLICE_X0Y7           LUT6 (Prop_lut6_I4_O)        0.124     6.613 r  debounce_i/timer[0]_i_7/O
                         net (fo=1, routed)           0.514     7.127    debounce_i/timer[0]_i_7_n_0
    SLICE_X0Y9           LUT6 (Prop_lut6_I4_O)        0.124     7.251 r  debounce_i/timer[0]_i_5/O
                         net (fo=2, routed)           0.170     7.421    debounce_i/timer[0]_i_5_n_0
    SLICE_X0Y9           LUT6 (Prop_lut6_I4_O)        0.124     7.545 r  debounce_i/timer[0]_i_1/O
                         net (fo=20, routed)          0.702     8.247    debounce_i/timer[0]_i_1_n_0
    SLICE_X1Y9           FDRE                                         r  debounce_i/timer_reg[9]/R
  -------------------------------------------------------------------    -------------------

                         (clock sys_clk_pin rise edge)
                                                     10.000    10.000 r  
    W5                                                0.000    10.000 r  CLK (IN)
                         net (fo=0)                   0.000    10.000    CLK
    W5                   IBUF (Prop_ibuf_I_O)         1.388    11.388 r  CLK_IBUF_inst/O
                         net (fo=1, routed)           1.862    13.250    CLK_IBUF
    BUFGCTRL_X0Y0        BUFG (Prop_bufg_I_O)         0.091    13.341 r  CLK_IBUF_BUFG_inst/O
                         net (fo=46, routed)          1.517    14.858    debounce_i/CLK_IBUF_BUFG
    SLICE_X1Y9           FDRE                                         r  debounce_i/timer_reg[9]/C
                         clock pessimism              0.274    15.132    
                         clock uncertainty           -0.035    15.097    
    SLICE_X1Y9           FDRE (Setup_fdre_C_R)       -0.429    14.668    debounce_i/timer_reg[9]
  -------------------------------------------------------------------
                         required time                         14.668    
                         arrival time                          -8.247    
  -------------------------------------------------------------------
                         slack                                  6.421    

Slack (MET) :             6.457ns  (required time - arrival time)
  Source:                 debounce_i/timer_reg[5]/C
                            (rising edge-triggered cell FDRE clocked by sys_clk_pin  {rise@0.000ns fall@5.000ns period=10.000ns})
  Destination:            debounce_i/timer_reg[16]/R
                            (rising edge-triggered cell FDRE clocked by sys_clk_pin  {rise@0.000ns fall@5.000ns period=10.000ns})
  Path Group:             sys_clk_pin
  Path Type:              Setup (Max at Slow Process Corner)
  Requirement:            10.000ns  (sys_clk_pin rise@10.000ns - sys_clk_pin rise@0.000ns)
  Data Path Delay:        3.052ns  (logic 0.828ns (27.132%)  route 2.224ns (72.868%))
  Logic Levels:           3  (LUT6=3)
  Clock Path Skew:        -0.027ns (DCD - SCD + CPR)
    Destination Clock Delay (DCD):    4.857ns = ( 14.857 - 10.000 ) 
    Source Clock Delay      (SCD):    5.158ns
    Clock Pessimism Removal (CPR):    0.274ns
  Clock Uncertainty:      0.035ns  ((TSJ^2 + TIJ^2)^1/2 + DJ) / 2 + PE
    Total System Jitter     (TSJ):    0.071ns
    Total Input Jitter      (TIJ):    0.000ns
    Discrete Jitter          (DJ):    0.000ns
    Phase Error              (PE):    0.000ns

    Location             Delay type                Incr(ns)  Path(ns)    Netlist Resource(s)
  -------------------------------------------------------------------    -------------------
                         (clock sys_clk_pin rise edge)
                                                      0.000     0.000 r  
    W5                                                0.000     0.000 r  CLK (IN)
                         net (fo=0)                   0.000     0.000    CLK
    W5                   IBUF (Prop_ibuf_I_O)         1.458     1.458 r  CLK_IBUF_inst/O
                         net (fo=1, routed)           1.967     3.425    CLK_IBUF
    BUFGCTRL_X0Y0        BUFG (Prop_bufg_I_O)         0.096     3.521 r  CLK_IBUF_BUFG_inst/O
                         net (fo=46, routed)          1.637     5.158    debounce_i/CLK_IBUF_BUFG
    SLICE_X1Y8           FDRE                                         r  debounce_i/timer_reg[5]/C
  -------------------------------------------------------------------    -------------------
    SLICE_X1Y8           FDRE (Prop_fdre_C_Q)         0.456     5.614 r  debounce_i/timer_reg[5]/Q
                         net (fo=2, routed)           0.875     6.489    debounce_i/timer_reg[5]
    SLICE_X0Y7           LUT6 (Prop_lut6_I4_O)        0.124     6.613 r  debounce_i/timer[0]_i_7/O
                         net (fo=1, routed)           0.514     7.127    debounce_i/timer[0]_i_7_n_0
    SLICE_X0Y9           LUT6 (Prop_lut6_I4_O)        0.124     7.251 r  debounce_i/timer[0]_i_5/O
                         net (fo=2, routed)           0.170     7.421    debounce_i/timer[0]_i_5_n_0
    SLICE_X0Y9           LUT6 (Prop_lut6_I4_O)        0.124     7.545 r  debounce_i/timer[0]_i_1/O
                         net (fo=20, routed)          0.665     8.210    debounce_i/timer[0]_i_1_n_0
    SLICE_X1Y11          FDRE                                         r  debounce_i/timer_reg[16]/R
  -------------------------------------------------------------------    -------------------

                         (clock sys_clk_pin rise edge)
                                                     10.000    10.000 r  
    W5                                                0.000    10.000 r  CLK (IN)
                         net (fo=0)                   0.000    10.000    CLK
    W5                   IBUF (Prop_ibuf_I_O)         1.388    11.388 r  CLK_IBUF_inst/O
                         net (fo=1, routed)           1.862    13.250    CLK_IBUF
    BUFGCTRL_X0Y0        BUFG (Prop_bufg_I_O)         0.091    13.341 r  CLK_IBUF_BUFG_inst/O
                         net (fo=46, routed)          1.516    14.857    debounce_i/CLK_IBUF_BUFG
    SLICE_X1Y11          FDRE                                         r  debounce_i/timer_reg[16]/C
                         clock pessimism              0.274    15.131    
                         clock uncertainty           -0.035    15.096    
    SLICE_X1Y11          FDRE (Setup_fdre_C_R)       -0.429    14.667    debounce_i/timer_reg[16]
  -------------------------------------------------------------------
                         required time                         14.667    
                         arrival time                          -8.210    
  -------------------------------------------------------------------
                         slack                                  6.457    

Slack (MET) :             6.457ns  (required time - arrival time)
  Source:                 debounce_i/timer_reg[5]/C
                            (rising edge-triggered cell FDRE clocked by sys_clk_pin  {rise@0.000ns fall@5.000ns period=10.000ns})
  Destination:            debounce_i/timer_reg[17]/R
                            (rising edge-triggered cell FDRE clocked by sys_clk_pin  {rise@0.000ns fall@5.000ns period=10.000ns})
  Path Group:             sys_clk_pin
  Path Type:              Setup (Max at Slow Process Corner)
  Requirement:            10.000ns  (sys_clk_pin rise@10.000ns - sys_clk_pin rise@0.000ns)
  Data Path Delay:        3.052ns  (logic 0.828ns (27.132%)  route 2.224ns (72.868%))
  Logic Levels:           3  (LUT6=3)
  Clock Path Skew:        -0.027ns (DCD - SCD + CPR)
    Destination Clock Delay (DCD):    4.857ns = ( 14.857 - 10.000 ) 
    Source Clock Delay      (SCD):    5.158ns
    Clock Pessimism Removal (CPR):    0.274ns
  Clock Uncertainty:      0.035ns  ((TSJ^2 + TIJ^2)^1/2 + DJ) / 2 + PE
    Total System Jitter     (TSJ):    0.071ns
    Total Input Jitter      (TIJ):    0.000ns
    Discrete Jitter          (DJ):    0.000ns
    Phase Error              (PE):    0.000ns

    Location             Delay type                Incr(ns)  Path(ns)    Netlist Resource(s)
  -------------------------------------------------------------------    -------------------
                         (clock sys_clk_pin rise edge)
                                                      0.000     0.000 r  
    W5                                                0.000     0.000 r  CLK (IN)
                         net (fo=0)                   0.000     0.000    CLK
    W5                   IBUF (Prop_ibuf_I_O)         1.458     1.458 r  CLK_IBUF_inst/O
                         net (fo=1, routed)           1.967     3.425    CLK_IBUF
    BUFGCTRL_X0Y0        BUFG (Prop_bufg_I_O)         0.096     3.521 r  CLK_IBUF_BUFG_inst/O
                         net (fo=46, routed)          1.637     5.158    debounce_i/CLK_IBUF_BUFG
    SLICE_X1Y8           FDRE                                         r  debounce_i/timer_reg[5]/C
  -------------------------------------------------------------------    -------------------
    SLICE_X1Y8           FDRE (Prop_fdre_C_Q)         0.456     5.614 r  debounce_i/timer_reg[5]/Q
                         net (fo=2, routed)           0.875     6.489    debounce_i/timer_reg[5]
    SLICE_X0Y7           LUT6 (Prop_lut6_I4_O)        0.124     6.613 r  debounce_i/timer[0]_i_7/O
                         net (fo=1, routed)           0.514     7.127    debounce_i/timer[0]_i_7_n_0
    SLICE_X0Y9           LUT6 (Prop_lut6_I4_O)        0.124     7.251 r  debounce_i/timer[0]_i_5/O
                         net (fo=2, routed)           0.170     7.421    debounce_i/timer[0]_i_5_n_0
    SLICE_X0Y9           LUT6 (Prop_lut6_I4_O)        0.124     7.545 r  debounce_i/timer[0]_i_1/O
                         net (fo=20, routed)          0.665     8.210    debounce_i/timer[0]_i_1_n_0
    SLICE_X1Y11          FDRE                                         r  debounce_i/timer_reg[17]/R
  -------------------------------------------------------------------    -------------------

                         (clock sys_clk_pin rise edge)
                                                     10.000    10.000 r  
    W5                                                0.000    10.000 r  CLK (IN)
                         net (fo=0)                   0.000    10.000    CLK
    W5                   IBUF (Prop_ibuf_I_O)         1.388    11.388 r  CLK_IBUF_inst/O
                         net (fo=1, routed)           1.862    13.250    CLK_IBUF
    BUFGCTRL_X0Y0        BUFG (Prop_bufg_I_O)         0.091    13.341 r  CLK_IBUF_BUFG_inst/O
                         net (fo=46, routed)          1.516    14.857    debounce_i/CLK_IBUF_BUFG
    SLICE_X1Y11          FDRE                                         r  debounce_i/timer_reg[17]/C
                         clock pessimism              0.274    15.131    
                         clock uncertainty           -0.035    15.096    
    SLICE_X1Y11          FDRE (Setup_fdre_C_R)       -0.429    14.667    debounce_i/timer_reg[17]
  -------------------------------------------------------------------
                         required time                         14.667    
                         arrival time                          -8.210    
  -------------------------------------------------------------------
                         slack                                  6.457    

Slack (MET) :             6.457ns  (required time - arrival time)
  Source:                 debounce_i/timer_reg[5]/C
                            (rising edge-triggered cell FDRE clocked by sys_clk_pin  {rise@0.000ns fall@5.000ns period=10.000ns})
  Destination:            debounce_i/timer_reg[18]/R
                            (rising edge-triggered cell FDRE clocked by sys_clk_pin  {rise@0.000ns fall@5.000ns period=10.000ns})
  Path Group:             sys_clk_pin
  Path Type:              Setup (Max at Slow Process Corner)
  Requirement:            10.000ns  (sys_clk_pin rise@10.000ns - sys_clk_pin rise@0.000ns)
  Data Path Delay:        3.052ns  (logic 0.828ns (27.132%)  route 2.224ns (72.868%))
  Logic Levels:           3  (LUT6=3)
  Clock Path Skew:        -0.027ns (DCD - SCD + CPR)
    Destination Clock Delay (DCD):    4.857ns = ( 14.857 - 10.000 ) 
    Source Clock Delay      (SCD):    5.158ns
    Clock Pessimism Removal (CPR):    0.274ns
  Clock Uncertainty:      0.035ns  ((TSJ^2 + TIJ^2)^1/2 + DJ) / 2 + PE
    Total System Jitter     (TSJ):    0.071ns
    Total Input Jitter      (TIJ):    0.000ns
    Discrete Jitter          (DJ):    0.000ns
    Phase Error              (PE):    0.000ns

    Location             Delay type                Incr(ns)  Path(ns)    Netlist Resource(s)
  -------------------------------------------------------------------    -------------------
                         (clock sys_clk_pin rise edge)
                                                      0.000     0.000 r  
    W5                                                0.000     0.000 r  CLK (IN)
                         net (fo=0)                   0.000     0.000    CLK
    W5                   IBUF (Prop_ibuf_I_O)         1.458     1.458 r  CLK_IBUF_inst/O
                         net (fo=1, routed)           1.967     3.425    CLK_IBUF
    BUFGCTRL_X0Y0        BUFG (Prop_bufg_I_O)         0.096     3.521 r  CLK_IBUF_BUFG_inst/O
                         net (fo=46, routed)          1.637     5.158    debounce_i/CLK_IBUF_BUFG
    SLICE_X1Y8           FDRE                                         r  debounce_i/timer_reg[5]/C
  -------------------------------------------------------------------    -------------------
    SLICE_X1Y8           FDRE (Prop_fdre_C_Q)         0.456     5.614 r  debounce_i/timer_reg[5]/Q
                         net (fo=2, routed)           0.875     6.489    debounce_i/timer_reg[5]
    SLICE_X0Y7           LUT6 (Prop_lut6_I4_O)        0.124     6.613 r  debounce_i/timer[0]_i_7/O
                         net (fo=1, routed)           0.514     7.127    debounce_i/timer[0]_i_7_n_0
    SLICE_X0Y9           LUT6 (Prop_lut6_I4_O)        0.124     7.251 r  debounce_i/timer[0]_i_5/O
                         net (fo=2, routed)           0.170     7.421    debounce_i/timer[0]_i_5_n_0
    SLICE_X0Y9           LUT6 (Prop_lut6_I4_O)        0.124     7.545 r  debounce_i/timer[0]_i_1/O
                         net (fo=20, routed)          0.665     8.210    debounce_i/timer[0]_i_1_n_0
    SLICE_X1Y11          FDRE                                         r  debounce_i/timer_reg[18]/R
  -------------------------------------------------------------------    -------------------

                         (clock sys_clk_pin rise edge)
                                                     10.000    10.000 r  
    W5                                                0.000    10.000 r  CLK (IN)
                         net (fo=0)                   0.000    10.000    CLK
    W5                   IBUF (Prop_ibuf_I_O)         1.388    11.388 r  CLK_IBUF_inst/O
                         net (fo=1, routed)           1.862    13.250    CLK_IBUF
    BUFGCTRL_X0Y0        BUFG (Prop_bufg_I_O)         0.091    13.341 r  CLK_IBUF_BUFG_inst/O
                         net (fo=46, routed)          1.516    14.857    debounce_i/CLK_IBUF_BUFG
    SLICE_X1Y11          FDRE                                         r  debounce_i/timer_reg[18]/C
                         clock pessimism              0.274    15.131    
                         clock uncertainty           -0.035    15.096    
    SLICE_X1Y11          FDRE (Setup_fdre_C_R)       -0.429    14.667    debounce_i/timer_reg[18]
  -------------------------------------------------------------------
                         required time                         14.667    
                         arrival time                          -8.210    
  -------------------------------------------------------------------
                         slack                                  6.457    

Slack (MET) :             6.457ns  (required time - arrival time)
  Source:                 debounce_i/timer_reg[5]/C
                            (rising edge-triggered cell FDRE clocked by sys_clk_pin  {rise@0.000ns fall@5.000ns period=10.000ns})
  Destination:            debounce_i/timer_reg[19]/R
                            (rising edge-triggered cell FDRE clocked by sys_clk_pin  {rise@0.000ns fall@5.000ns period=10.000ns})
  Path Group:             sys_clk_pin
  Path Type:              Setup (Max at Slow Process Corner)
  Requirement:            10.000ns  (sys_clk_pin rise@10.000ns - sys_clk_pin rise@0.000ns)
  Data Path Delay:        3.052ns  (logic 0.828ns (27.132%)  route 2.224ns (72.868%))
  Logic Levels:           3  (LUT6=3)
  Clock Path Skew:        -0.027ns (DCD - SCD + CPR)
    Destination Clock Delay (DCD):    4.857ns = ( 14.857 - 10.000 ) 
    Source Clock Delay      (SCD):    5.158ns
    Clock Pessimism Removal (CPR):    0.274ns
  Clock Uncertainty:      0.035ns  ((TSJ^2 + TIJ^2)^1/2 + DJ) / 2 + PE
    Total System Jitter     (TSJ):    0.071ns
    Total Input Jitter      (TIJ):    0.000ns
    Discrete Jitter          (DJ):    0.000ns
    Phase Error              (PE):    0.000ns

    Location             Delay type                Incr(ns)  Path(ns)    Netlist Resource(s)
  -------------------------------------------------------------------    -------------------
                         (clock sys_clk_pin rise edge)
                                                      0.000     0.000 r  
    W5                                                0.000     0.000 r  CLK (IN)
                         net (fo=0)                   0.000     0.000    CLK
    W5                   IBUF (Prop_ibuf_I_O)         1.458     1.458 r  CLK_IBUF_inst/O
                         net (fo=1, routed)           1.967     3.425    CLK_IBUF
    BUFGCTRL_X0Y0        BUFG (Prop_bufg_I_O)         0.096     3.521 r  CLK_IBUF_BUFG_inst/O
                         net (fo=46, routed)          1.637     5.158    debounce_i/CLK_IBUF_BUFG
    SLICE_X1Y8           FDRE                                         r  debounce_i/timer_reg[5]/C
  -------------------------------------------------------------------    -------------------
    SLICE_X1Y8           FDRE (Prop_fdre_C_Q)         0.456     5.614 r  debounce_i/timer_reg[5]/Q
                         net (fo=2, routed)           0.875     6.489    debounce_i/timer_reg[5]
    SLICE_X0Y7           LUT6 (Prop_lut6_I4_O)        0.124     6.613 r  debounce_i/timer[0]_i_7/O
                         net (fo=1, routed)           0.514     7.127    debounce_i/timer[0]_i_7_n_0
    SLICE_X0Y9           LUT6 (Prop_lut6_I4_O)        0.124     7.251 r  debounce_i/timer[0]_i_5/O
                         net (fo=2, routed)           0.170     7.421    debounce_i/timer[0]_i_5_n_0
    SLICE_X0Y9           LUT6 (Prop_lut6_I4_O)        0.124     7.545 r  debounce_i/timer[0]_i_1/O
                         net (fo=20, routed)          0.665     8.210    debounce_i/timer[0]_i_1_n_0
    SLICE_X1Y11          FDRE                                         r  debounce_i/timer_reg[19]/R
  -------------------------------------------------------------------    -------------------

                         (clock sys_clk_pin rise edge)
                                                     10.000    10.000 r  
    W5                                                0.000    10.000 r  CLK (IN)
                         net (fo=0)                   0.000    10.000    CLK
    W5                   IBUF (Prop_ibuf_I_O)         1.388    11.388 r  CLK_IBUF_inst/O
                         net (fo=1, routed)           1.862    13.250    CLK_IBUF
    BUFGCTRL_X0Y0        BUFG (Prop_bufg_I_O)         0.091    13.341 r  CLK_IBUF_BUFG_inst/O
                         net (fo=46, routed)          1.516    14.857    debounce_i/CLK_IBUF_BUFG
    SLICE_X1Y11          FDRE                                         r  debounce_i/timer_reg[19]/C
                         clock pessimism              0.274    15.131    
                         clock uncertainty           -0.035    15.096    
    SLICE_X1Y11          FDRE (Setup_fdre_C_R)       -0.429    14.667    debounce_i/timer_reg[19]
  -------------------------------------------------------------------
                         required time                         14.667    
                         arrival time                          -8.210    
  -------------------------------------------------------------------
                         slack                                  6.457    

Slack (MET) :             6.597ns  (required time - arrival time)
  Source:                 debounce_i/timer_reg[5]/C
                            (rising edge-triggered cell FDRE clocked by sys_clk_pin  {rise@0.000ns fall@5.000ns period=10.000ns})
  Destination:            debounce_i/timer_reg[0]/R
                            (rising edge-triggered cell FDRE clocked by sys_clk_pin  {rise@0.000ns fall@5.000ns period=10.000ns})
  Path Group:             sys_clk_pin
  Path Type:              Setup (Max at Slow Process Corner)
  Requirement:            10.000ns  (sys_clk_pin rise@10.000ns - sys_clk_pin rise@0.000ns)
  Data Path Delay:        2.914ns  (logic 0.828ns (28.418%)  route 2.086ns (71.582%))
  Logic Levels:           3  (LUT6=3)
  Clock Path Skew:        -0.025ns (DCD - SCD + CPR)
    Destination Clock Delay (DCD):    4.859ns = ( 14.859 - 10.000 ) 
    Source Clock Delay      (SCD):    5.158ns
    Clock Pessimism Removal (CPR):    0.274ns
  Clock Uncertainty:      0.035ns  ((TSJ^2 + TIJ^2)^1/2 + DJ) / 2 + PE
    Total System Jitter     (TSJ):    0.071ns
    Total Input Jitter      (TIJ):    0.000ns
    Discrete Jitter          (DJ):    0.000ns
    Phase Error              (PE):    0.000ns

    Location             Delay type                Incr(ns)  Path(ns)    Netlist Resource(s)
  -------------------------------------------------------------------    -------------------
                         (clock sys_clk_pin rise edge)
                                                      0.000     0.000 r  
    W5                                                0.000     0.000 r  CLK (IN)
                         net (fo=0)                   0.000     0.000    CLK
    W5                   IBUF (Prop_ibuf_I_O)         1.458     1.458 r  CLK_IBUF_inst/O
                         net (fo=1, routed)           1.967     3.425    CLK_IBUF
    BUFGCTRL_X0Y0        BUFG (Prop_bufg_I_O)         0.096     3.521 r  CLK_IBUF_BUFG_inst/O
                         net (fo=46, routed)          1.637     5.158    debounce_i/CLK_IBUF_BUFG
    SLICE_X1Y8           FDRE                                         r  debounce_i/timer_reg[5]/C
  -------------------------------------------------------------------    -------------------
    SLICE_X1Y8           FDRE (Prop_fdre_C_Q)         0.456     5.614 r  debounce_i/timer_reg[5]/Q
                         net (fo=2, routed)           0.875     6.489    debounce_i/timer_reg[5]
    SLICE_X0Y7           LUT6 (Prop_lut6_I4_O)        0.124     6.613 r  debounce_i/timer[0]_i_7/O
                         net (fo=1, routed)           0.514     7.127    debounce_i/timer[0]_i_7_n_0
    SLICE_X0Y9           LUT6 (Prop_lut6_I4_O)        0.124     7.251 r  debounce_i/timer[0]_i_5/O
                         net (fo=2, routed)           0.170     7.421    debounce_i/timer[0]_i_5_n_0
    SLICE_X0Y9           LUT6 (Prop_lut6_I4_O)        0.124     7.545 r  debounce_i/timer[0]_i_1/O
                         net (fo=20, routed)          0.526     8.072    debounce_i/timer[0]_i_1_n_0
    SLICE_X1Y7           FDRE                                         r  debounce_i/timer_reg[0]/R
  -------------------------------------------------------------------    -------------------

                         (clock sys_clk_pin rise edge)
                                                     10.000    10.000 r  
    W5                                                0.000    10.000 r  CLK (IN)
                         net (fo=0)                   0.000    10.000    CLK
    W5                   IBUF (Prop_ibuf_I_O)         1.388    11.388 r  CLK_IBUF_inst/O
                         net (fo=1, routed)           1.862    13.250    CLK_IBUF
    BUFGCTRL_X0Y0        BUFG (Prop_bufg_I_O)         0.091    13.341 r  CLK_IBUF_BUFG_inst/O
                         net (fo=46, routed)          1.518    14.859    debounce_i/CLK_IBUF_BUFG
    SLICE_X1Y7           FDRE                                         r  debounce_i/timer_reg[0]/C
                         clock pessimism              0.274    15.133    
                         clock uncertainty           -0.035    15.098    
    SLICE_X1Y7           FDRE (Setup_fdre_C_R)       -0.429    14.669    debounce_i/timer_reg[0]
  -------------------------------------------------------------------
                         required time                         14.669    
                         arrival time                          -8.072    
  -------------------------------------------------------------------
                         slack                                  6.597    

Slack (MET) :             6.597ns  (required time - arrival time)
  Source:                 debounce_i/timer_reg[5]/C
                            (rising edge-triggered cell FDRE clocked by sys_clk_pin  {rise@0.000ns fall@5.000ns period=10.000ns})
  Destination:            debounce_i/timer_reg[1]/R
                            (rising edge-triggered cell FDRE clocked by sys_clk_pin  {rise@0.000ns fall@5.000ns period=10.000ns})
  Path Group:             sys_clk_pin
  Path Type:              Setup (Max at Slow Process Corner)
  Requirement:            10.000ns  (sys_clk_pin rise@10.000ns - sys_clk_pin rise@0.000ns)
  Data Path Delay:        2.914ns  (logic 0.828ns (28.418%)  route 2.086ns (71.582%))
  Logic Levels:           3  (LUT6=3)
  Clock Path Skew:        -0.025ns (DCD - SCD + CPR)
    Destination Clock Delay (DCD):    4.859ns = ( 14.859 - 10.000 ) 
    Source Clock Delay      (SCD):    5.158ns
    Clock Pessimism Removal (CPR):    0.274ns
  Clock Uncertainty:      0.035ns  ((TSJ^2 + TIJ^2)^1/2 + DJ) / 2 + PE
    Total System Jitter     (TSJ):    0.071ns
    Total Input Jitter      (TIJ):    0.000ns
    Discrete Jitter          (DJ):    0.000ns
    Phase Error              (PE):    0.000ns

    Location             Delay type                Incr(ns)  Path(ns)    Netlist Resource(s)
  -------------------------------------------------------------------    -------------------
                         (clock sys_clk_pin rise edge)
                                                      0.000     0.000 r  
    W5                                                0.000     0.000 r  CLK (IN)
                         net (fo=0)                   0.000     0.000    CLK
    W5                   IBUF (Prop_ibuf_I_O)         1.458     1.458 r  CLK_IBUF_inst/O
                         net (fo=1, routed)           1.967     3.425    CLK_IBUF
    BUFGCTRL_X0Y0        BUFG (Prop_bufg_I_O)         0.096     3.521 r  CLK_IBUF_BUFG_inst/O
                         net (fo=46, routed)          1.637     5.158    debounce_i/CLK_IBUF_BUFG
    SLICE_X1Y8           FDRE                                         r  debounce_i/timer_reg[5]/C
  -------------------------------------------------------------------    -------------------
    SLICE_X1Y8           FDRE (Prop_fdre_C_Q)         0.456     5.614 r  debounce_i/timer_reg[5]/Q
                         net (fo=2, routed)           0.875     6.489    debounce_i/timer_reg[5]
    SLICE_X0Y7           LUT6 (Prop_lut6_I4_O)        0.124     6.613 r  debounce_i/timer[0]_i_7/O
                         net (fo=1, routed)           0.514     7.127    debounce_i/timer[0]_i_7_n_0
    SLICE_X0Y9           LUT6 (Prop_lut6_I4_O)        0.124     7.251 r  debounce_i/timer[0]_i_5/O
                         net (fo=2, routed)           0.170     7.421    debounce_i/timer[0]_i_5_n_0
    SLICE_X0Y9           LUT6 (Prop_lut6_I4_O)        0.124     7.545 r  debounce_i/timer[0]_i_1/O
                         net (fo=20, routed)          0.526     8.072    debounce_i/timer[0]_i_1_n_0
    SLICE_X1Y7           FDRE                                         r  debounce_i/timer_reg[1]/R
  -------------------------------------------------------------------    -------------------

                         (clock sys_clk_pin rise edge)
                                                     10.000    10.000 r  
    W5                                                0.000    10.000 r  CLK (IN)
                         net (fo=0)                   0.000    10.000    CLK
    W5                   IBUF (Prop_ibuf_I_O)         1.388    11.388 r  CLK_IBUF_inst/O
                         net (fo=1, routed)           1.862    13.250    CLK_IBUF
    BUFGCTRL_X0Y0        BUFG (Prop_bufg_I_O)         0.091    13.341 r  CLK_IBUF_BUFG_inst/O
                         net (fo=46, routed)          1.518    14.859    debounce_i/CLK_IBUF_BUFG
    SLICE_X1Y7           FDRE                                         r  debounce_i/timer_reg[1]/C
                         clock pessimism              0.274    15.133    
                         clock uncertainty           -0.035    15.098    
    SLICE_X1Y7           FDRE (Setup_fdre_C_R)       -0.429    14.669    debounce_i/timer_reg[1]
  -------------------------------------------------------------------
                         required time                         14.669    
                         arrival time                          -8.072    
  -------------------------------------------------------------------
                         slack                                  6.597    





Min Delay Paths
--------------------------------------------------------------------------------------
Slack (MET) :             0.171ns  (arrival time - required time)
  Source:                 debounce_i/timer_tick_reg/C
                            (rising edge-triggered cell FDRE clocked by sys_clk_pin  {rise@0.000ns fall@5.000ns period=10.000ns})
  Destination:            debounce_i/timer_en_reg/D
                            (rising edge-triggered cell FDRE clocked by sys_clk_pin  {rise@0.000ns fall@5.000ns period=10.000ns})
  Path Group:             sys_clk_pin
  Path Type:              Hold (Min at Fast Process Corner)
  Requirement:            0.000ns  (sys_clk_pin rise@0.000ns - sys_clk_pin rise@0.000ns)
  Data Path Delay:        0.308ns  (logic 0.186ns (60.457%)  route 0.122ns (39.543%))
  Logic Levels:           1  (LUT6=1)
  Clock Path Skew:        0.016ns (DCD - SCD - CPR)
    Destination Clock Delay (DCD):    1.992ns
    Source Clock Delay      (SCD):    1.477ns
    Clock Pessimism Removal (CPR):    0.499ns

    Location             Delay type                Incr(ns)  Path(ns)    Netlist Resource(s)
  -------------------------------------------------------------------    -------------------
                         (clock sys_clk_pin rise edge)
                                                      0.000     0.000 r  
    W5                                                0.000     0.000 r  CLK (IN)
                         net (fo=0)                   0.000     0.000    CLK
    W5                   IBUF (Prop_ibuf_I_O)         0.226     0.226 r  CLK_IBUF_inst/O
                         net (fo=1, routed)           0.631     0.858    CLK_IBUF
    BUFGCTRL_X0Y0        BUFG (Prop_bufg_I_O)         0.026     0.884 r  CLK_IBUF_BUFG_inst/O
                         net (fo=46, routed)          0.594     1.477    debounce_i/CLK_IBUF_BUFG
    SLICE_X0Y9           FDRE                                         r  debounce_i/timer_tick_reg/C
  -------------------------------------------------------------------    -------------------
    SLICE_X0Y9           FDRE (Prop_fdre_C_Q)         0.141     1.618 f  debounce_i/timer_tick_reg/Q
                         net (fo=4, routed)           0.122     1.740    debounce_i/timer_tick
    SLICE_X2Y9           LUT6 (Prop_lut6_I0_O)        0.045     1.785 r  debounce_i/timer_en_i_1/O
                         net (fo=1, routed)           0.000     1.785    debounce_i/timer_en_i_1_n_0
    SLICE_X2Y9           FDRE                                         r  debounce_i/timer_en_reg/D
  -------------------------------------------------------------------    -------------------

                         (clock sys_clk_pin rise edge)
                                                      0.000     0.000 r  
    W5                                                0.000     0.000 r  CLK (IN)
                         net (fo=0)                   0.000     0.000    CLK
    W5                   IBUF (Prop_ibuf_I_O)         0.414     0.414 r  CLK_IBUF_inst/O
                         net (fo=1, routed)           0.685     1.099    CLK_IBUF
    BUFGCTRL_X0Y0        BUFG (Prop_bufg_I_O)         0.029     1.128 r  CLK_IBUF_BUFG_inst/O
                         net (fo=46, routed)          0.865     1.992    debounce_i/CLK_IBUF_BUFG
    SLICE_X2Y9           FDRE                                         r  debounce_i/timer_en_reg/C
                         clock pessimism             -0.499     1.493    
    SLICE_X2Y9           FDRE (Hold_fdre_C_D)         0.121     1.614    debounce_i/timer_en_reg
  -------------------------------------------------------------------
                         required time                         -1.614    
                         arrival time                           1.785    
  -------------------------------------------------------------------
                         slack                                  0.171    

Slack (MET) :             0.246ns  (arrival time - required time)
  Source:                 debounce_i/timer_reg[15]/C
                            (rising edge-triggered cell FDRE clocked by sys_clk_pin  {rise@0.000ns fall@5.000ns period=10.000ns})
  Destination:            debounce_i/timer_tick_reg/D
                            (rising edge-triggered cell FDRE clocked by sys_clk_pin  {rise@0.000ns fall@5.000ns period=10.000ns})
  Path Group:             sys_clk_pin
  Path Type:              Hold (Min at Fast Process Corner)
  Requirement:            0.000ns  (sys_clk_pin rise@0.000ns - sys_clk_pin rise@0.000ns)
  Data Path Delay:        0.354ns  (logic 0.186ns (52.496%)  route 0.168ns (47.504%))
  Logic Levels:           1  (LUT6=1)
  Clock Path Skew:        0.017ns (DCD - SCD - CPR)
    Destination Clock Delay (DCD):    1.992ns
    Source Clock Delay      (SCD):    1.476ns
    Clock Pessimism Removal (CPR):    0.499ns

    Location             Delay type                Incr(ns)  Path(ns)    Netlist Resource(s)
  -------------------------------------------------------------------    -------------------
                         (clock sys_clk_pin rise edge)
                                                      0.000     0.000 r  
    W5                                                0.000     0.000 r  CLK (IN)
                         net (fo=0)                   0.000     0.000    CLK
    W5                   IBUF (Prop_ibuf_I_O)         0.226     0.226 r  CLK_IBUF_inst/O
                         net (fo=1, routed)           0.631     0.858    CLK_IBUF
    BUFGCTRL_X0Y0        BUFG (Prop_bufg_I_O)         0.026     0.884 r  CLK_IBUF_BUFG_inst/O
                         net (fo=46, routed)          0.593     1.476    debounce_i/CLK_IBUF_BUFG
    SLICE_X1Y10          FDRE                                         r  debounce_i/timer_reg[15]/C
  -------------------------------------------------------------------    -------------------
    SLICE_X1Y10          FDRE (Prop_fdre_C_Q)         0.141     1.617 r  debounce_i/timer_reg[15]/Q
                         net (fo=3, routed)           0.168     1.785    debounce_i/timer_reg[15]
    SLICE_X0Y9           LUT6 (Prop_lut6_I2_O)        0.045     1.830 r  debounce_i/timer_tick_i_1/O
                         net (fo=1, routed)           0.000     1.830    debounce_i/timer_tick_i_1_n_0
    SLICE_X0Y9           FDRE                                         r  debounce_i/timer_tick_reg/D
  -------------------------------------------------------------------    -------------------

                         (clock sys_clk_pin rise edge)
                                                      0.000     0.000 r  
    W5                                                0.000     0.000 r  CLK (IN)
                         net (fo=0)                   0.000     0.000    CLK
    W5                   IBUF (Prop_ibuf_I_O)         0.414     0.414 r  CLK_IBUF_inst/O
                         net (fo=1, routed)           0.685     1.099    CLK_IBUF
    BUFGCTRL_X0Y0        BUFG (Prop_bufg_I_O)         0.029     1.128 r  CLK_IBUF_BUFG_inst/O
                         net (fo=46, routed)          0.865     1.992    debounce_i/CLK_IBUF_BUFG
    SLICE_X0Y9           FDRE                                         r  debounce_i/timer_tick_reg/C
                         clock pessimism             -0.499     1.493    
    SLICE_X0Y9           FDRE (Hold_fdre_C_D)         0.091     1.584    debounce_i/timer_tick_reg
  -------------------------------------------------------------------
                         required time                         -1.584    
                         arrival time                           1.830    
  -------------------------------------------------------------------
                         slack                                  0.246    

Slack (MET) :             0.248ns  (arrival time - required time)
  Source:                 debounce_i/timer_tick_reg/C
                            (rising edge-triggered cell FDRE clocked by sys_clk_pin  {rise@0.000ns fall@5.000ns period=10.000ns})
  Destination:            debounce_i/FSM_sequential_state_reg[2]/D
                            (rising edge-triggered cell FDRE clocked by sys_clk_pin  {rise@0.000ns fall@5.000ns period=10.000ns})
  Path Group:             sys_clk_pin
  Path Type:              Hold (Min at Fast Process Corner)
  Requirement:            0.000ns  (sys_clk_pin rise@0.000ns - sys_clk_pin rise@0.000ns)
  Data Path Delay:        0.395ns  (logic 0.188ns (47.636%)  route 0.207ns (52.364%))
  Logic Levels:           1  (LUT5=1)
  Clock Path Skew:        0.016ns (DCD - SCD - CPR)
    Destination Clock Delay (DCD):    1.992ns
    Source Clock Delay      (SCD):    1.477ns
    Clock Pessimism Removal (CPR):    0.499ns

    Location             Delay type                Incr(ns)  Path(ns)    Netlist Resource(s)
  -------------------------------------------------------------------    -------------------
                         (clock sys_clk_pin rise edge)
                                                      0.000     0.000 r  
    W5                                                0.000     0.000 r  CLK (IN)
                         net (fo=0)                   0.000     0.000    CLK
    W5                   IBUF (Prop_ibuf_I_O)         0.226     0.226 r  CLK_IBUF_inst/O
                         net (fo=1, routed)           0.631     0.858    CLK_IBUF
    BUFGCTRL_X0Y0        BUFG (Prop_bufg_I_O)         0.026     0.884 r  CLK_IBUF_BUFG_inst/O
                         net (fo=46, routed)          0.594     1.477    debounce_i/CLK_IBUF_BUFG
    SLICE_X0Y9           FDRE                                         r  debounce_i/timer_tick_reg/C
  -------------------------------------------------------------------    -------------------
    SLICE_X0Y9           FDRE (Prop_fdre_C_Q)         0.141     1.618 f  debounce_i/timer_tick_reg/Q
                         net (fo=4, routed)           0.207     1.825    debounce_i/timer_tick
    SLICE_X2Y9           LUT5 (Prop_lut5_I1_O)        0.047     1.872 r  debounce_i/FSM_sequential_state[2]_i_1/O
                         net (fo=1, routed)           0.000     1.872    debounce_i/FSM_sequential_state[2]_i_1_n_0
    SLICE_X2Y9           FDRE                                         r  debounce_i/FSM_sequential_state_reg[2]/D
  -------------------------------------------------------------------    -------------------

                         (clock sys_clk_pin rise edge)
                                                      0.000     0.000 r  
    W5                                                0.000     0.000 r  CLK (IN)
                         net (fo=0)                   0.000     0.000    CLK
    W5                   IBUF (Prop_ibuf_I_O)         0.414     0.414 r  CLK_IBUF_inst/O
                         net (fo=1, routed)           0.685     1.099    CLK_IBUF
    BUFGCTRL_X0Y0        BUFG (Prop_bufg_I_O)         0.029     1.128 r  CLK_IBUF_BUFG_inst/O
                         net (fo=46, routed)          0.865     1.992    debounce_i/CLK_IBUF_BUFG
    SLICE_X2Y9           FDRE                                         r  debounce_i/FSM_sequential_state_reg[2]/C
                         clock pessimism             -0.499     1.493    
    SLICE_X2Y9           FDRE (Hold_fdre_C_D)         0.131     1.624    debounce_i/FSM_sequential_state_reg[2]
  -------------------------------------------------------------------
                         required time                         -1.624    
                         arrival time                           1.872    
  -------------------------------------------------------------------
                         slack                                  0.248    

Slack (MET) :             0.252ns  (arrival time - required time)
  Source:                 debounce_i/signal_o_reg/C
                            (rising edge-triggered cell FDRE clocked by sys_clk_pin  {rise@0.000ns fall@5.000ns period=10.000ns})
  Destination:            sw0_prev_reg/D
                            (rising edge-triggered cell FDRE clocked by sys_clk_pin  {rise@0.000ns fall@5.000ns period=10.000ns})
  Path Group:             sys_clk_pin
  Path Type:              Hold (Min at Fast Process Corner)
  Requirement:            0.000ns  (sys_clk_pin rise@0.000ns - sys_clk_pin rise@0.000ns)
  Data Path Delay:        0.282ns  (logic 0.148ns (52.572%)  route 0.134ns (47.428%))
  Logic Levels:           0  
  Clock Path Skew:        0.013ns (DCD - SCD - CPR)
    Destination Clock Delay (DCD):    1.992ns
    Source Clock Delay      (SCD):    1.477ns
    Clock Pessimism Removal (CPR):    0.502ns

    Location             Delay type                Incr(ns)  Path(ns)    Netlist Resource(s)
  -------------------------------------------------------------------    -------------------
                         (clock sys_clk_pin rise edge)
                                                      0.000     0.000 r  
    W5                                                0.000     0.000 r  CLK (IN)
                         net (fo=0)                   0.000     0.000    CLK
    W5                   IBUF (Prop_ibuf_I_O)         0.226     0.226 r  CLK_IBUF_inst/O
                         net (fo=1, routed)           0.631     0.858    CLK_IBUF
    BUFGCTRL_X0Y0        BUFG (Prop_bufg_I_O)         0.026     0.884 r  CLK_IBUF_BUFG_inst/O
                         net (fo=46, routed)          0.594     1.477    debounce_i/CLK_IBUF_BUFG
    SLICE_X2Y9           FDRE                                         r  debounce_i/signal_o_reg/C
  -------------------------------------------------------------------    -------------------
    SLICE_X2Y9           FDRE (Prop_fdre_C_Q)         0.148     1.625 r  debounce_i/signal_o_reg/Q
                         net (fo=2, routed)           0.134     1.759    signal_o
    SLICE_X3Y9           FDRE                                         r  sw0_prev_reg/D
  -------------------------------------------------------------------    -------------------

                         (clock sys_clk_pin rise edge)
                                                      0.000     0.000 r  
    W5                                                0.000     0.000 r  CLK (IN)
                         net (fo=0)                   0.000     0.000    CLK
    W5                   IBUF (Prop_ibuf_I_O)         0.414     0.414 r  CLK_IBUF_inst/O
                         net (fo=1, routed)           0.685     1.099    CLK_IBUF
    BUFGCTRL_X0Y0        BUFG (Prop_bufg_I_O)         0.029     1.128 r  CLK_IBUF_BUFG_inst/O
                         net (fo=46, routed)          0.865     1.992    CLK_IBUF_BUFG
    SLICE_X3Y9           FDRE                                         r  sw0_prev_reg/C
                         clock pessimism             -0.502     1.490    
    SLICE_X3Y9           FDRE (Hold_fdre_C_D)         0.017     1.507    sw0_prev_reg
  -------------------------------------------------------------------
                         required time                         -1.507    
                         arrival time                           1.759    
  -------------------------------------------------------------------
                         slack                                  0.252    

Slack (MET) :             0.256ns  (arrival time - required time)
  Source:                 debounce_i/timer_tick_reg/C
                            (rising edge-triggered cell FDRE clocked by sys_clk_pin  {rise@0.000ns fall@5.000ns period=10.000ns})
  Destination:            debounce_i/FSM_sequential_state_reg[1]/D
                            (rising edge-triggered cell FDRE clocked by sys_clk_pin  {rise@0.000ns fall@5.000ns period=10.000ns})
  Path Group:             sys_clk_pin
  Path Type:              Hold (Min at Fast Process Corner)
  Requirement:            0.000ns  (sys_clk_pin rise@0.000ns - sys_clk_pin rise@0.000ns)
  Data Path Delay:        0.393ns  (logic 0.186ns (47.370%)  route 0.207ns (52.630%))
  Logic Levels:           1  (LUT5=1)
  Clock Path Skew:        0.016ns (DCD - SCD - CPR)
    Destination Clock Delay (DCD):    1.992ns
    Source Clock Delay      (SCD):    1.477ns
    Clock Pessimism Removal (CPR):    0.499ns

    Location             Delay type                Incr(ns)  Path(ns)    Netlist Resource(s)
  -------------------------------------------------------------------    -------------------
                         (clock sys_clk_pin rise edge)
                                                      0.000     0.000 r  
    W5                                                0.000     0.000 r  CLK (IN)
                         net (fo=0)                   0.000     0.000    CLK
    W5                   IBUF (Prop_ibuf_I_O)         0.226     0.226 r  CLK_IBUF_inst/O
                         net (fo=1, routed)           0.631     0.858    CLK_IBUF
    BUFGCTRL_X0Y0        BUFG (Prop_bufg_I_O)         0.026     0.884 r  CLK_IBUF_BUFG_inst/O
                         net (fo=46, routed)          0.594     1.477    debounce_i/CLK_IBUF_BUFG
    SLICE_X0Y9           FDRE                                         r  debounce_i/timer_tick_reg/C
  -------------------------------------------------------------------    -------------------
    SLICE_X0Y9           FDRE (Prop_fdre_C_Q)         0.141     1.618 f  debounce_i/timer_tick_reg/Q
                         net (fo=4, routed)           0.207     1.825    debounce_i/timer_tick
    SLICE_X2Y9           LUT5 (Prop_lut5_I1_O)        0.045     1.870 r  debounce_i/FSM_sequential_state[1]_i_1/O
                         net (fo=1, routed)           0.000     1.870    debounce_i/FSM_sequential_state[1]_i_1_n_0
    SLICE_X2Y9           FDRE                                         r  debounce_i/FSM_sequential_state_reg[1]/D
  -------------------------------------------------------------------    -------------------

                         (clock sys_clk_pin rise edge)
                                                      0.000     0.000 r  
    W5                                                0.000     0.000 r  CLK (IN)
                         net (fo=0)                   0.000     0.000    CLK
    W5                   IBUF (Prop_ibuf_I_O)         0.414     0.414 r  CLK_IBUF_inst/O
                         net (fo=1, routed)           0.685     1.099    CLK_IBUF
    BUFGCTRL_X0Y0        BUFG (Prop_bufg_I_O)         0.029     1.128 r  CLK_IBUF_BUFG_inst/O
                         net (fo=46, routed)          0.865     1.992    debounce_i/CLK_IBUF_BUFG
    SLICE_X2Y9           FDRE                                         r  debounce_i/FSM_sequential_state_reg[1]/C
                         clock pessimism             -0.499     1.493    
    SLICE_X2Y9           FDRE (Hold_fdre_C_D)         0.121     1.614    debounce_i/FSM_sequential_state_reg[1]
  -------------------------------------------------------------------
                         required time                         -1.614    
                         arrival time                           1.870    
  -------------------------------------------------------------------
                         slack                                  0.256    

Slack (MET) :             0.261ns  (arrival time - required time)
  Source:                 debounce_i/timer_reg[3]/C
                            (rising edge-triggered cell FDRE clocked by sys_clk_pin  {rise@0.000ns fall@5.000ns period=10.000ns})
  Destination:            debounce_i/timer_reg[3]/D
                            (rising edge-triggered cell FDRE clocked by sys_clk_pin  {rise@0.000ns fall@5.000ns period=10.000ns})
  Path Group:             sys_clk_pin
  Path Type:              Hold (Min at Fast Process Corner)
  Requirement:            0.000ns  (sys_clk_pin rise@0.000ns - sys_clk_pin rise@0.000ns)
  Data Path Delay:        0.366ns  (logic 0.249ns (67.994%)  route 0.117ns (32.006%))
  Logic Levels:           1  (CARRY4=1)
  Clock Path Skew:        0.000ns (DCD - SCD - CPR)
    Destination Clock Delay (DCD):    1.992ns
    Source Clock Delay      (SCD):    1.477ns
    Clock Pessimism Removal (CPR):    0.515ns

    Location             Delay type                Incr(ns)  Path(ns)    Netlist Resource(s)
  -------------------------------------------------------------------    -------------------
                         (clock sys_clk_pin rise edge)
                                                      0.000     0.000 r  
    W5                                                0.000     0.000 r  CLK (IN)
                         net (fo=0)                   0.000     0.000    CLK
    W5                   IBUF (Prop_ibuf_I_O)         0.226     0.226 r  CLK_IBUF_inst/O
                         net (fo=1, routed)           0.631     0.858    CLK_IBUF
    BUFGCTRL_X0Y0        BUFG (Prop_bufg_I_O)         0.026     0.884 r  CLK_IBUF_BUFG_inst/O
                         net (fo=46, routed)          0.594     1.477    debounce_i/CLK_IBUF_BUFG
    SLICE_X1Y7           FDRE                                         r  debounce_i/timer_reg[3]/C
  -------------------------------------------------------------------    -------------------
    SLICE_X1Y7           FDRE (Prop_fdre_C_Q)         0.141     1.618 r  debounce_i/timer_reg[3]/Q
                         net (fo=2, routed)           0.117     1.735    debounce_i/timer_reg[3]
    SLICE_X1Y7           CARRY4 (Prop_carry4_S[3]_O[3])
                                                      0.108     1.843 r  debounce_i/timer_reg[0]_i_2/O[3]
                         net (fo=1, routed)           0.000     1.843    debounce_i/timer_reg[0]_i_2_n_4
    SLICE_X1Y7           FDRE                                         r  debounce_i/timer_reg[3]/D
  -------------------------------------------------------------------    -------------------

                         (clock sys_clk_pin rise edge)
                                                      0.000     0.000 r  
    W5                                                0.000     0.000 r  CLK (IN)
                         net (fo=0)                   0.000     0.000    CLK
    W5                   IBUF (Prop_ibuf_I_O)         0.414     0.414 r  CLK_IBUF_inst/O
                         net (fo=1, routed)           0.685     1.099    CLK_IBUF
    BUFGCTRL_X0Y0        BUFG (Prop_bufg_I_O)         0.029     1.128 r  CLK_IBUF_BUFG_inst/O
                         net (fo=46, routed)          0.865     1.992    debounce_i/CLK_IBUF_BUFG
    SLICE_X1Y7           FDRE                                         r  debounce_i/timer_reg[3]/C
                         clock pessimism             -0.515     1.477    
    SLICE_X1Y7           FDRE (Hold_fdre_C_D)         0.105     1.582    debounce_i/timer_reg[3]
  -------------------------------------------------------------------
                         required time                         -1.582    
                         arrival time                           1.843    
  -------------------------------------------------------------------
                         slack                                  0.261    

Slack (MET) :             0.263ns  (arrival time - required time)
  Source:                 debounce_i/timer_reg[11]/C
                            (rising edge-triggered cell FDRE clocked by sys_clk_pin  {rise@0.000ns fall@5.000ns period=10.000ns})
  Destination:            debounce_i/timer_reg[11]/D
                            (rising edge-triggered cell FDRE clocked by sys_clk_pin  {rise@0.000ns fall@5.000ns period=10.000ns})
  Path Group:             sys_clk_pin
  Path Type:              Hold (Min at Fast Process Corner)
  Requirement:            0.000ns  (sys_clk_pin rise@0.000ns - sys_clk_pin rise@0.000ns)
  Data Path Delay:        0.368ns  (logic 0.249ns (67.612%)  route 0.119ns (32.388%))
  Logic Levels:           1  (CARRY4=1)
  Clock Path Skew:        0.000ns (DCD - SCD - CPR)
    Destination Clock Delay (DCD):    1.992ns
    Source Clock Delay      (SCD):    1.477ns
    Clock Pessimism Removal (CPR):    0.515ns

    Location             Delay type                Incr(ns)  Path(ns)    Netlist Resource(s)
  -------------------------------------------------------------------    -------------------
                         (clock sys_clk_pin rise edge)
                                                      0.000     0.000 r  
    W5                                                0.000     0.000 r  CLK (IN)
                         net (fo=0)                   0.000     0.000    CLK
    W5                   IBUF (Prop_ibuf_I_O)         0.226     0.226 r  CLK_IBUF_inst/O
                         net (fo=1, routed)           0.631     0.858    CLK_IBUF
    BUFGCTRL_X0Y0        BUFG (Prop_bufg_I_O)         0.026     0.884 r  CLK_IBUF_BUFG_inst/O
                         net (fo=46, routed)          0.594     1.477    debounce_i/CLK_IBUF_BUFG
    SLICE_X1Y9           FDRE                                         r  debounce_i/timer_reg[11]/C
  -------------------------------------------------------------------    -------------------
    SLICE_X1Y9           FDRE (Prop_fdre_C_Q)         0.141     1.618 r  debounce_i/timer_reg[11]/Q
                         net (fo=2, routed)           0.119     1.737    debounce_i/timer_reg[11]
    SLICE_X1Y9           CARRY4 (Prop_carry4_S[3]_O[3])
                                                      0.108     1.845 r  debounce_i/timer_reg[8]_i_1/O[3]
                         net (fo=1, routed)           0.000     1.845    debounce_i/timer_reg[8]_i_1_n_4
    SLICE_X1Y9           FDRE                                         r  debounce_i/timer_reg[11]/D
  -------------------------------------------------------------------    -------------------

                         (clock sys_clk_pin rise edge)
                                                      0.000     0.000 r  
    W5                                                0.000     0.000 r  CLK (IN)
                         net (fo=0)                   0.000     0.000    CLK
    W5                   IBUF (Prop_ibuf_I_O)         0.414     0.414 r  CLK_IBUF_inst/O
                         net (fo=1, routed)           0.685     1.099    CLK_IBUF
    BUFGCTRL_X0Y0        BUFG (Prop_bufg_I_O)         0.029     1.128 r  CLK_IBUF_BUFG_inst/O
                         net (fo=46, routed)          0.865     1.992    debounce_i/CLK_IBUF_BUFG
    SLICE_X1Y9           FDRE                                         r  debounce_i/timer_reg[11]/C
                         clock pessimism             -0.515     1.477    
    SLICE_X1Y9           FDRE (Hold_fdre_C_D)         0.105     1.582    debounce_i/timer_reg[11]
  -------------------------------------------------------------------
                         required time                         -1.582    
                         arrival time                           1.845    
  -------------------------------------------------------------------
                         slack                                  0.263    

Slack (MET) :             0.263ns  (arrival time - required time)
  Source:                 debounce_i/timer_reg[19]/C
                            (rising edge-triggered cell FDRE clocked by sys_clk_pin  {rise@0.000ns fall@5.000ns period=10.000ns})
  Destination:            debounce_i/timer_reg[19]/D
                            (rising edge-triggered cell FDRE clocked by sys_clk_pin  {rise@0.000ns fall@5.000ns period=10.000ns})
  Path Group:             sys_clk_pin
  Path Type:              Hold (Min at Fast Process Corner)
  Requirement:            0.000ns  (sys_clk_pin rise@0.000ns - sys_clk_pin rise@0.000ns)
  Data Path Delay:        0.368ns  (logic 0.249ns (67.612%)  route 0.119ns (32.388%))
  Logic Levels:           1  (CARRY4=1)
  Clock Path Skew:        0.000ns (DCD - SCD - CPR)
    Destination Clock Delay (DCD):    1.991ns
    Source Clock Delay      (SCD):    1.476ns
    Clock Pessimism Removal (CPR):    0.515ns

    Location             Delay type                Incr(ns)  Path(ns)    Netlist Resource(s)
  -------------------------------------------------------------------    -------------------
                         (clock sys_clk_pin rise edge)
                                                      0.000     0.000 r  
    W5                                                0.000     0.000 r  CLK (IN)
                         net (fo=0)                   0.000     0.000    CLK
    W5                   IBUF (Prop_ibuf_I_O)         0.226     0.226 r  CLK_IBUF_inst/O
                         net (fo=1, routed)           0.631     0.858    CLK_IBUF
    BUFGCTRL_X0Y0        BUFG (Prop_bufg_I_O)         0.026     0.884 r  CLK_IBUF_BUFG_inst/O
                         net (fo=46, routed)          0.593     1.476    debounce_i/CLK_IBUF_BUFG
    SLICE_X1Y11          FDRE                                         r  debounce_i/timer_reg[19]/C
  -------------------------------------------------------------------    -------------------
    SLICE_X1Y11          FDRE (Prop_fdre_C_Q)         0.141     1.617 r  debounce_i/timer_reg[19]/Q
                         net (fo=2, routed)           0.119     1.736    debounce_i/timer_reg[19]
    SLICE_X1Y11          CARRY4 (Prop_carry4_S[3]_O[3])
                                                      0.108     1.844 r  debounce_i/timer_reg[16]_i_1/O[3]
                         net (fo=1, routed)           0.000     1.844    debounce_i/timer_reg[16]_i_1_n_4
    SLICE_X1Y11          FDRE                                         r  debounce_i/timer_reg[19]/D
  -------------------------------------------------------------------    -------------------

                         (clock sys_clk_pin rise edge)
                                                      0.000     0.000 r  
    W5                                                0.000     0.000 r  CLK (IN)
                         net (fo=0)                   0.000     0.000    CLK
    W5                   IBUF (Prop_ibuf_I_O)         0.414     0.414 r  CLK_IBUF_inst/O
                         net (fo=1, routed)           0.685     1.099    CLK_IBUF
    BUFGCTRL_X0Y0        BUFG (Prop_bufg_I_O)         0.029     1.128 r  CLK_IBUF_BUFG_inst/O
                         net (fo=46, routed)          0.864     1.991    debounce_i/CLK_IBUF_BUFG
    SLICE_X1Y11          FDRE                                         r  debounce_i/timer_reg[19]/C
                         clock pessimism             -0.515     1.476    
    SLICE_X1Y11          FDRE (Hold_fdre_C_D)         0.105     1.581    debounce_i/timer_reg[19]
  -------------------------------------------------------------------
                         required time                         -1.581    
                         arrival time                           1.844    
  -------------------------------------------------------------------
                         slack                                  0.263    

Slack (MET) :             0.264ns  (arrival time - required time)
  Source:                 debounce_i/timer_reg[7]/C
                            (rising edge-triggered cell FDRE clocked by sys_clk_pin  {rise@0.000ns fall@5.000ns period=10.000ns})
  Destination:            debounce_i/timer_reg[7]/D
                            (rising edge-triggered cell FDRE clocked by sys_clk_pin  {rise@0.000ns fall@5.000ns period=10.000ns})
  Path Group:             sys_clk_pin
  Path Type:              Hold (Min at Fast Process Corner)
  Requirement:            0.000ns  (sys_clk_pin rise@0.000ns - sys_clk_pin rise@0.000ns)
  Data Path Delay:        0.369ns  (logic 0.249ns (67.424%)  route 0.120ns (32.576%))
  Logic Levels:           1  (CARRY4=1)
  Clock Path Skew:        0.000ns (DCD - SCD - CPR)
    Destination Clock Delay (DCD):    1.992ns
    Source Clock Delay      (SCD):    1.477ns
    Clock Pessimism Removal (CPR):    0.515ns

    Location             Delay type                Incr(ns)  Path(ns)    Netlist Resource(s)
  -------------------------------------------------------------------    -------------------
                         (clock sys_clk_pin rise edge)
                                                      0.000     0.000 r  
    W5                                                0.000     0.000 r  CLK (IN)
                         net (fo=0)                   0.000     0.000    CLK
    W5                   IBUF (Prop_ibuf_I_O)         0.226     0.226 r  CLK_IBUF_inst/O
                         net (fo=1, routed)           0.631     0.858    CLK_IBUF
    BUFGCTRL_X0Y0        BUFG (Prop_bufg_I_O)         0.026     0.884 r  CLK_IBUF_BUFG_inst/O
                         net (fo=46, routed)          0.594     1.477    debounce_i/CLK_IBUF_BUFG
    SLICE_X1Y8           FDRE                                         r  debounce_i/timer_reg[7]/C
  -------------------------------------------------------------------    -------------------
    SLICE_X1Y8           FDRE (Prop_fdre_C_Q)         0.141     1.618 r  debounce_i/timer_reg[7]/Q
                         net (fo=2, routed)           0.120     1.738    debounce_i/timer_reg[7]
    SLICE_X1Y8           CARRY4 (Prop_carry4_S[3]_O[3])
                                                      0.108     1.846 r  debounce_i/timer_reg[4]_i_1/O[3]
                         net (fo=1, routed)           0.000     1.846    debounce_i/timer_reg[4]_i_1_n_4
    SLICE_X1Y8           FDRE                                         r  debounce_i/timer_reg[7]/D
  -------------------------------------------------------------------    -------------------

                         (clock sys_clk_pin rise edge)
                                                      0.000     0.000 r  
    W5                                                0.000     0.000 r  CLK (IN)
                         net (fo=0)                   0.000     0.000    CLK
    W5                   IBUF (Prop_ibuf_I_O)         0.414     0.414 r  CLK_IBUF_inst/O
                         net (fo=1, routed)           0.685     1.099    CLK_IBUF
    BUFGCTRL_X0Y0        BUFG (Prop_bufg_I_O)         0.029     1.128 r  CLK_IBUF_BUFG_inst/O
                         net (fo=46, routed)          0.865     1.992    debounce_i/CLK_IBUF_BUFG
    SLICE_X1Y8           FDRE                                         r  debounce_i/timer_reg[7]/C
                         clock pessimism             -0.515     1.477    
    SLICE_X1Y8           FDRE (Hold_fdre_C_D)         0.105     1.582    debounce_i/timer_reg[7]
  -------------------------------------------------------------------
                         required time                         -1.582    
                         arrival time                           1.846    
  -------------------------------------------------------------------
                         slack                                  0.264    

Slack (MET) :             0.265ns  (arrival time - required time)
  Source:                 counter_sw0_reg[1]/C
                            (rising edge-triggered cell FDRE clocked by sys_clk_pin  {rise@0.000ns fall@5.000ns period=10.000ns})
  Destination:            counter_sw0_reg[5]/D
                            (rising edge-triggered cell FDRE clocked by sys_clk_pin  {rise@0.000ns fall@5.000ns period=10.000ns})
  Path Group:             sys_clk_pin
  Path Type:              Hold (Min at Fast Process Corner)
  Requirement:            0.000ns  (sys_clk_pin rise@0.000ns - sys_clk_pin rise@0.000ns)
  Data Path Delay:        0.357ns  (logic 0.186ns (52.102%)  route 0.171ns (47.898%))
  Logic Levels:           1  (LUT6=1)
  Clock Path Skew:        0.000ns (DCD - SCD - CPR)
    Destination Clock Delay (DCD):    1.988ns
    Source Clock Delay      (SCD):    1.474ns
    Clock Pessimism Removal (CPR):    0.514ns

    Location             Delay type                Incr(ns)  Path(ns)    Netlist Resource(s)
  -------------------------------------------------------------------    -------------------
                         (clock sys_clk_pin rise edge)
                                                      0.000     0.000 r  
    W5                                                0.000     0.000 r  CLK (IN)
                         net (fo=0)                   0.000     0.000    CLK
    W5                   IBUF (Prop_ibuf_I_O)         0.226     0.226 r  CLK_IBUF_inst/O
                         net (fo=1, routed)           0.631     0.858    CLK_IBUF
    BUFGCTRL_X0Y0        BUFG (Prop_bufg_I_O)         0.026     0.884 r  CLK_IBUF_BUFG_inst/O
                         net (fo=46, routed)          0.591     1.474    CLK_IBUF_BUFG
    SLICE_X0Y13          FDRE                                         r  counter_sw0_reg[1]/C
  -------------------------------------------------------------------    -------------------
    SLICE_X0Y13          FDRE (Prop_fdre_C_Q)         0.141     1.615 r  counter_sw0_reg[1]/Q
                         net (fo=7, routed)           0.171     1.786    LED_OBUF[1]
    SLICE_X0Y13          LUT6 (Prop_lut6_I3_O)        0.045     1.831 r  counter_sw0[5]_i_1/O
                         net (fo=1, routed)           0.000     1.831    plusOp[5]
    SLICE_X0Y13          FDRE                                         r  counter_sw0_reg[5]/D
  -------------------------------------------------------------------    -------------------

                         (clock sys_clk_pin rise edge)
                                                      0.000     0.000 r  
    W5                                                0.000     0.000 r  CLK (IN)
                         net (fo=0)                   0.000     0.000    CLK
    W5                   IBUF (Prop_ibuf_I_O)         0.414     0.414 r  CLK_IBUF_inst/O
                         net (fo=1, routed)           0.685     1.099    CLK_IBUF
    BUFGCTRL_X0Y0        BUFG (Prop_bufg_I_O)         0.029     1.128 r  CLK_IBUF_BUFG_inst/O
                         net (fo=46, routed)          0.861     1.988    CLK_IBUF_BUFG
    SLICE_X0Y13          FDRE                                         r  counter_sw0_reg[5]/C
                         clock pessimism             -0.514     1.474    
    SLICE_X0Y13          FDRE (Hold_fdre_C_D)         0.092     1.566    counter_sw0_reg[5]
  -------------------------------------------------------------------
                         required time                         -1.566    
                         arrival time                           1.831    
  -------------------------------------------------------------------
                         slack                                  0.265    





Pulse Width Checks
--------------------------------------------------------------------------------------
Clock Name:         sys_clk_pin
Waveform(ns):       { 0.000 5.000 }
Period(ns):         10.000
Sources:            { CLK }

Check Type        Corner  Lib Pin  Reference Pin  Required(ns)  Actual(ns)  Slack(ns)  Location       Pin
Min Period        n/a     BUFG/I   n/a            2.155         10.000      7.845      BUFGCTRL_X0Y0  CLK_IBUF_BUFG_inst/I
Min Period        n/a     FDRE/C   n/a            1.000         10.000      9.000      SLICE_X0Y12    counter_sw0_reg[0]/C
Min Period        n/a     FDRE/C   n/a            1.000         10.000      9.000      SLICE_X0Y13    counter_sw0_reg[1]/C
Min Period        n/a     FDRE/C   n/a            1.000         10.000      9.000      SLICE_X0Y13    counter_sw0_reg[2]/C
Min Period        n/a     FDRE/C   n/a            1.000         10.000      9.000      SLICE_X0Y13    counter_sw0_reg[3]/C
Min Period        n/a     FDRE/C   n/a            1.000         10.000      9.000      SLICE_X0Y13    counter_sw0_reg[4]/C
Min Period        n/a     FDRE/C   n/a            1.000         10.000      9.000      SLICE_X0Y13    counter_sw0_reg[5]/C
Min Period        n/a     FDRE/C   n/a            1.000         10.000      9.000      SLICE_X0Y10    counter_sw0_reg[6]/C
Min Period        n/a     FDRE/C   n/a            1.000         10.000      9.000      SLICE_X0Y10    counter_sw0_reg[7]/C
Min Period        n/a     FDRE/C   n/a            1.000         10.000      9.000      SLICE_X64Y51   counter_sw15_reg[0]/C
Low Pulse Width   Slow    FDRE/C   n/a            0.500         5.000       4.500      SLICE_X0Y12    counter_sw0_reg[0]/C
Low Pulse Width   Fast    FDRE/C   n/a            0.500         5.000       4.500      SLICE_X0Y12    counter_sw0_reg[0]/C
Low Pulse Width   Slow    FDRE/C   n/a            0.500         5.000       4.500      SLICE_X0Y13    counter_sw0_reg[1]/C
Low Pulse Width   Fast    FDRE/C   n/a            0.500         5.000       4.500      SLICE_X0Y13    counter_sw0_reg[1]/C
Low Pulse Width   Slow    FDRE/C   n/a            0.500         5.000       4.500      SLICE_X0Y13    counter_sw0_reg[2]/C
Low Pulse Width   Fast    FDRE/C   n/a            0.500         5.000       4.500      SLICE_X0Y13    counter_sw0_reg[2]/C
Low Pulse Width   Slow    FDRE/C   n/a            0.500         5.000       4.500      SLICE_X0Y13    counter_sw0_reg[3]/C
Low Pulse Width   Fast    FDRE/C   n/a            0.500         5.000       4.500      SLICE_X0Y13    counter_sw0_reg[3]/C
Low Pulse Width   Slow    FDRE/C   n/a            0.500         5.000       4.500      SLICE_X0Y13    counter_sw0_reg[4]/C
Low Pulse Width   Fast    FDRE/C   n/a            0.500         5.000       4.500      SLICE_X0Y13    counter_sw0_reg[4]/C
High Pulse Width  Slow    FDRE/C   n/a            0.500         5.000       4.500      SLICE_X0Y12    counter_sw0_reg[0]/C
High Pulse Width  Fast    FDRE/C   n/a            0.500         5.000       4.500      SLICE_X0Y12    counter_sw0_reg[0]/C
High Pulse Width  Slow    FDRE/C   n/a            0.500         5.000       4.500      SLICE_X0Y13    counter_sw0_reg[1]/C
High Pulse Width  Fast    FDRE/C   n/a            0.500         5.000       4.500      SLICE_X0Y13    counter_sw0_reg[1]/C
High Pulse Width  Slow    FDRE/C   n/a            0.500         5.000       4.500      SLICE_X0Y13    counter_sw0_reg[2]/C
High Pulse Width  Fast    FDRE/C   n/a            0.500         5.000       4.500      SLICE_X0Y13    counter_sw0_reg[2]/C
High Pulse Width  Slow    FDRE/C   n/a            0.500         5.000       4.500      SLICE_X0Y13    counter_sw0_reg[3]/C
High Pulse Width  Fast    FDRE/C   n/a            0.500         5.000       4.500      SLICE_X0Y13    counter_sw0_reg[3]/C
High Pulse Width  Slow    FDRE/C   n/a            0.500         5.000       4.500      SLICE_X0Y13    counter_sw0_reg[4]/C
High Pulse Width  Fast    FDRE/C   n/a            0.500         5.000       4.500      SLICE_X0Y13    counter_sw0_reg[4]/C



--------------------------------------------------------------------------------------
Path Group:  (none)
From Clock:  sys_clk_pin
  To Clock:  

Max Delay            16 Endpoints
Min Delay            16 Endpoints
--------------------------------------------------------------------------------------


Max Delay Paths
--------------------------------------------------------------------------------------
Slack:                    inf
  Source:                 counter_sw15_reg[0]/C
                            (rising edge-triggered cell FDRE clocked by sys_clk_pin  {rise@0.000ns fall@5.000ns period=10.000ns})
  Destination:            LED[8]
                            (output port)
  Path Group:             (none)
  Path Type:              Max at Slow Process Corner
  Data Path Delay:        8.880ns  (logic 4.022ns (45.292%)  route 4.858ns (54.708%))
  Logic Levels:           1  (OBUF=1)
  Clock Uncertainty:      0.025ns  ((TSJ^2 + TIJ^2)^1/2 + DJ) / 2 + PE
    Total System Jitter     (TSJ):    0.050ns
    Total Input Jitter      (TIJ):    0.000ns
    Discrete Jitter          (DJ):    0.000ns
    Phase Error              (PE):    0.000ns

    Location             Delay type                Incr(ns)  Path(ns)    Netlist Resource(s)
  -------------------------------------------------------------------    -------------------
                         (clock sys_clk_pin rise edge)
                                                      0.000     0.000 r  
    W5                                                0.000     0.000 r  CLK (IN)
                         net (fo=0)                   0.000     0.000    CLK
    W5                   IBUF (Prop_ibuf_I_O)         1.458     1.458 r  CLK_IBUF_inst/O
                         net (fo=1, routed)           1.967     3.425    CLK_IBUF
    BUFGCTRL_X0Y0        BUFG (Prop_bufg_I_O)         0.096     3.521 r  CLK_IBUF_BUFG_inst/O
                         net (fo=46, routed)          1.627     5.148    CLK_IBUF_BUFG
    SLICE_X64Y51         FDRE                                         r  counter_sw15_reg[0]/C
  -------------------------------------------------------------------    -------------------
    SLICE_X64Y51         FDRE (Prop_fdre_C_Q)         0.518     5.666 r  counter_sw15_reg[0]/Q
                         net (fo=8, routed)           4.858    10.524    LED_OBUF[8]
    V13                  OBUF (Prop_obuf_I_O)         3.504    14.028 r  LED_OBUF[8]_inst/O
                         net (fo=0)                   0.000    14.028    LED[8]
    V13                                                               r  LED[8] (OUT)
  -------------------------------------------------------------------    -------------------

Slack:                    inf
  Source:                 counter_sw15_reg[7]/C
                            (rising edge-triggered cell FDRE clocked by sys_clk_pin  {rise@0.000ns fall@5.000ns period=10.000ns})
  Destination:            LED[15]
                            (output port)
  Path Group:             (none)
  Path Type:              Max at Slow Process Corner
  Data Path Delay:        7.085ns  (logic 4.176ns (58.951%)  route 2.908ns (41.049%))
  Logic Levels:           1  (OBUF=1)
  Clock Uncertainty:      0.025ns  ((TSJ^2 + TIJ^2)^1/2 + DJ) / 2 + PE
    Total System Jitter     (TSJ):    0.050ns
    Total Input Jitter      (TIJ):    0.000ns
    Discrete Jitter          (DJ):    0.000ns
    Phase Error              (PE):    0.000ns

    Location             Delay type                Incr(ns)  Path(ns)    Netlist Resource(s)
  -------------------------------------------------------------------    -------------------
                         (clock sys_clk_pin rise edge)
                                                      0.000     0.000 r  
    W5                                                0.000     0.000 r  CLK (IN)
                         net (fo=0)                   0.000     0.000    CLK
    W5                   IBUF (Prop_ibuf_I_O)         1.458     1.458 r  CLK_IBUF_inst/O
                         net (fo=1, routed)           1.967     3.425    CLK_IBUF
    BUFGCTRL_X0Y0        BUFG (Prop_bufg_I_O)         0.096     3.521 r  CLK_IBUF_BUFG_inst/O
                         net (fo=46, routed)          1.627     5.148    CLK_IBUF_BUFG
    SLICE_X64Y52         FDRE                                         r  counter_sw15_reg[7]/C
  -------------------------------------------------------------------    -------------------
    SLICE_X64Y52         FDRE (Prop_fdre_C_Q)         0.478     5.626 r  counter_sw15_reg[7]/Q
                         net (fo=2, routed)           2.908     8.534    LED_OBUF[15]
    L1                   OBUF (Prop_obuf_I_O)         3.698    12.232 r  LED_OBUF[15]_inst/O
                         net (fo=0)                   0.000    12.232    LED[15]
    L1                                                                r  LED[15] (OUT)
  -------------------------------------------------------------------    -------------------

Slack:                    inf
  Source:                 counter_sw15_reg[4]/C
                            (rising edge-triggered cell FDRE clocked by sys_clk_pin  {rise@0.000ns fall@5.000ns period=10.000ns})
  Destination:            LED[12]
                            (output port)
  Path Group:             (none)
  Path Type:              Max at Slow Process Corner
  Data Path Delay:        6.559ns  (logic 4.167ns (63.534%)  route 2.392ns (36.466%))
  Logic Levels:           1  (OBUF=1)
  Clock Uncertainty:      0.025ns  ((TSJ^2 + TIJ^2)^1/2 + DJ) / 2 + PE
    Total System Jitter     (TSJ):    0.050ns
    Total Input Jitter      (TIJ):    0.000ns
    Discrete Jitter          (DJ):    0.000ns
    Phase Error              (PE):    0.000ns

    Location             Delay type                Incr(ns)  Path(ns)    Netlist Resource(s)
  -------------------------------------------------------------------    -------------------
                         (clock sys_clk_pin rise edge)
                                                      0.000     0.000 r  
    W5                                                0.000     0.000 r  CLK (IN)
                         net (fo=0)                   0.000     0.000    CLK
    W5                   IBUF (Prop_ibuf_I_O)         1.458     1.458 r  CLK_IBUF_inst/O
                         net (fo=1, routed)           1.967     3.425    CLK_IBUF
    BUFGCTRL_X0Y0        BUFG (Prop_bufg_I_O)         0.096     3.521 r  CLK_IBUF_BUFG_inst/O
                         net (fo=46, routed)          1.627     5.148    CLK_IBUF_BUFG
    SLICE_X64Y52         FDRE                                         r  counter_sw15_reg[4]/C
  -------------------------------------------------------------------    -------------------
    SLICE_X64Y52         FDRE (Prop_fdre_C_Q)         0.478     5.626 r  counter_sw15_reg[4]/Q
                         net (fo=4, routed)           2.392     8.018    LED_OBUF[12]
    P3                   OBUF (Prop_obuf_I_O)         3.689    11.707 r  LED_OBUF[12]_inst/O
                         net (fo=0)                   0.000    11.707    LED[12]
    P3                                                                r  LED[12] (OUT)
  -------------------------------------------------------------------    -------------------

Slack:                    inf
  Source:                 counter_sw15_reg[5]/C
                            (rising edge-triggered cell FDRE clocked by sys_clk_pin  {rise@0.000ns fall@5.000ns period=10.000ns})
  Destination:            LED[13]
                            (output port)
  Path Group:             (none)
  Path Type:              Max at Slow Process Corner
  Data Path Delay:        6.540ns  (logic 4.025ns (61.550%)  route 2.515ns (38.450%))
  Logic Levels:           1  (OBUF=1)
  Clock Uncertainty:      0.025ns  ((TSJ^2 + TIJ^2)^1/2 + DJ) / 2 + PE
    Total System Jitter     (TSJ):    0.050ns
    Total Input Jitter      (TIJ):    0.000ns
    Discrete Jitter          (DJ):    0.000ns
    Phase Error              (PE):    0.000ns

    Location             Delay type                Incr(ns)  Path(ns)    Netlist Resource(s)
  -------------------------------------------------------------------    -------------------
                         (clock sys_clk_pin rise edge)
                                                      0.000     0.000 r  
    W5                                                0.000     0.000 r  CLK (IN)
                         net (fo=0)                   0.000     0.000    CLK
    W5                   IBUF (Prop_ibuf_I_O)         1.458     1.458 r  CLK_IBUF_inst/O
                         net (fo=1, routed)           1.967     3.425    CLK_IBUF
    BUFGCTRL_X0Y0        BUFG (Prop_bufg_I_O)         0.096     3.521 r  CLK_IBUF_BUFG_inst/O
                         net (fo=46, routed)          1.627     5.148    CLK_IBUF_BUFG
    SLICE_X64Y52         FDRE                                         r  counter_sw15_reg[5]/C
  -------------------------------------------------------------------    -------------------
    SLICE_X64Y52         FDRE (Prop_fdre_C_Q)         0.518     5.666 r  counter_sw15_reg[5]/Q
                         net (fo=3, routed)           2.515     8.181    LED_OBUF[13]
    N3                   OBUF (Prop_obuf_I_O)         3.507    11.688 r  LED_OBUF[13]_inst/O
                         net (fo=0)                   0.000    11.688    LED[13]
    N3                                                                r  LED[13] (OUT)
  -------------------------------------------------------------------    -------------------

Slack:                    inf
  Source:                 counter_sw15_reg[3]/C
                            (rising edge-triggered cell FDRE clocked by sys_clk_pin  {rise@0.000ns fall@5.000ns period=10.000ns})
  Destination:            LED[11]
                            (output port)
  Path Group:             (none)
  Path Type:              Max at Slow Process Corner
  Data Path Delay:        6.460ns  (logic 4.022ns (62.257%)  route 2.438ns (37.743%))
  Logic Levels:           1  (OBUF=1)
  Clock Uncertainty:      0.025ns  ((TSJ^2 + TIJ^2)^1/2 + DJ) / 2 + PE
    Total System Jitter     (TSJ):    0.050ns
    Total Input Jitter      (TIJ):    0.000ns
    Discrete Jitter          (DJ):    0.000ns
    Phase Error              (PE):    0.000ns

    Location             Delay type                Incr(ns)  Path(ns)    Netlist Resource(s)
  -------------------------------------------------------------------    -------------------
                         (clock sys_clk_pin rise edge)
                                                      0.000     0.000 r  
    W5                                                0.000     0.000 r  CLK (IN)
                         net (fo=0)                   0.000     0.000    CLK
    W5                   IBUF (Prop_ibuf_I_O)         1.458     1.458 r  CLK_IBUF_inst/O
                         net (fo=1, routed)           1.967     3.425    CLK_IBUF
    BUFGCTRL_X0Y0        BUFG (Prop_bufg_I_O)         0.096     3.521 r  CLK_IBUF_BUFG_inst/O
                         net (fo=46, routed)          1.627     5.148    CLK_IBUF_BUFG
    SLICE_X64Y52         FDRE                                         r  counter_sw15_reg[3]/C
  -------------------------------------------------------------------    -------------------
    SLICE_X64Y52         FDRE (Prop_fdre_C_Q)         0.518     5.666 r  counter_sw15_reg[3]/Q
                         net (fo=5, routed)           2.438     8.104    LED_OBUF[11]
    U3                   OBUF (Prop_obuf_I_O)         3.504    11.608 r  LED_OBUF[11]_inst/O
                         net (fo=0)                   0.000    11.608    LED[11]
    U3                                                                r  LED[11] (OUT)
  -------------------------------------------------------------------    -------------------

Slack:                    inf
  Source:                 counter_sw0_reg[1]/C
                            (rising edge-triggered cell FDRE clocked by sys_clk_pin  {rise@0.000ns fall@5.000ns period=10.000ns})
  Destination:            LED[1]
                            (output port)
  Path Group:             (none)
  Path Type:              Max at Slow Process Corner
  Data Path Delay:        6.437ns  (logic 3.986ns (61.922%)  route 2.451ns (38.078%))
  Logic Levels:           1  (OBUF=1)
  Clock Uncertainty:      0.025ns  ((TSJ^2 + TIJ^2)^1/2 + DJ) / 2 + PE
    Total System Jitter     (TSJ):    0.050ns
    Total Input Jitter      (TIJ):    0.000ns
    Discrete Jitter          (DJ):    0.000ns
    Phase Error              (PE):    0.000ns

    Location             Delay type                Incr(ns)  Path(ns)    Netlist Resource(s)
  -------------------------------------------------------------------    -------------------
                         (clock sys_clk_pin rise edge)
                                                      0.000     0.000 r  
    W5                                                0.000     0.000 r  CLK (IN)
                         net (fo=0)                   0.000     0.000    CLK
    W5                   IBUF (Prop_ibuf_I_O)         1.458     1.458 r  CLK_IBUF_inst/O
                         net (fo=1, routed)           1.967     3.425    CLK_IBUF
    BUFGCTRL_X0Y0        BUFG (Prop_bufg_I_O)         0.096     3.521 r  CLK_IBUF_BUFG_inst/O
                         net (fo=46, routed)          1.633     5.154    CLK_IBUF_BUFG
    SLICE_X0Y13          FDRE                                         r  counter_sw0_reg[1]/C
  -------------------------------------------------------------------    -------------------
    SLICE_X0Y13          FDRE (Prop_fdre_C_Q)         0.456     5.610 r  counter_sw0_reg[1]/Q
                         net (fo=7, routed)           2.451     8.061    LED_OBUF[1]
    E19                  OBUF (Prop_obuf_I_O)         3.530    11.591 r  LED_OBUF[1]_inst/O
                         net (fo=0)                   0.000    11.591    LED[1]
    E19                                                               r  LED[1] (OUT)
  -------------------------------------------------------------------    -------------------

Slack:                    inf
  Source:                 counter_sw15_reg[2]/C
                            (rising edge-triggered cell FDRE clocked by sys_clk_pin  {rise@0.000ns fall@5.000ns period=10.000ns})
  Destination:            LED[10]
                            (output port)
  Path Group:             (none)
  Path Type:              Max at Slow Process Corner
  Data Path Delay:        6.442ns  (logic 4.174ns (64.800%)  route 2.268ns (35.200%))
  Logic Levels:           1  (OBUF=1)
  Clock Uncertainty:      0.025ns  ((TSJ^2 + TIJ^2)^1/2 + DJ) / 2 + PE
    Total System Jitter     (TSJ):    0.050ns
    Total Input Jitter      (TIJ):    0.000ns
    Discrete Jitter          (DJ):    0.000ns
    Phase Error              (PE):    0.000ns

    Location             Delay type                Incr(ns)  Path(ns)    Netlist Resource(s)
  -------------------------------------------------------------------    -------------------
                         (clock sys_clk_pin rise edge)
                                                      0.000     0.000 r  
    W5                                                0.000     0.000 r  CLK (IN)
                         net (fo=0)                   0.000     0.000    CLK
    W5                   IBUF (Prop_ibuf_I_O)         1.458     1.458 r  CLK_IBUF_inst/O
                         net (fo=1, routed)           1.967     3.425    CLK_IBUF
    BUFGCTRL_X0Y0        BUFG (Prop_bufg_I_O)         0.096     3.521 r  CLK_IBUF_BUFG_inst/O
                         net (fo=46, routed)          1.627     5.148    CLK_IBUF_BUFG
    SLICE_X64Y51         FDRE                                         r  counter_sw15_reg[2]/C
  -------------------------------------------------------------------    -------------------
    SLICE_X64Y51         FDRE (Prop_fdre_C_Q)         0.478     5.626 r  counter_sw15_reg[2]/Q
                         net (fo=6, routed)           2.268     7.893    LED_OBUF[10]
    W3                   OBUF (Prop_obuf_I_O)         3.696    11.590 r  LED_OBUF[10]_inst/O
                         net (fo=0)                   0.000    11.590    LED[10]
    W3                                                                r  LED[10] (OUT)
  -------------------------------------------------------------------    -------------------

Slack:                    inf
  Source:                 counter_sw15_reg[1]/C
                            (rising edge-triggered cell FDRE clocked by sys_clk_pin  {rise@0.000ns fall@5.000ns period=10.000ns})
  Destination:            LED[9]
                            (output port)
  Path Group:             (none)
  Path Type:              Max at Slow Process Corner
  Data Path Delay:        6.132ns  (logic 4.026ns (65.655%)  route 2.106ns (34.345%))
  Logic Levels:           1  (OBUF=1)
  Clock Uncertainty:      0.025ns  ((TSJ^2 + TIJ^2)^1/2 + DJ) / 2 + PE
    Total System Jitter     (TSJ):    0.050ns
    Total Input Jitter      (TIJ):    0.000ns
    Discrete Jitter          (DJ):    0.000ns
    Phase Error              (PE):    0.000ns

    Location             Delay type                Incr(ns)  Path(ns)    Netlist Resource(s)
  -------------------------------------------------------------------    -------------------
                         (clock sys_clk_pin rise edge)
                                                      0.000     0.000 r  
    W5                                                0.000     0.000 r  CLK (IN)
                         net (fo=0)                   0.000     0.000    CLK
    W5                   IBUF (Prop_ibuf_I_O)         1.458     1.458 r  CLK_IBUF_inst/O
                         net (fo=1, routed)           1.967     3.425    CLK_IBUF
    BUFGCTRL_X0Y0        BUFG (Prop_bufg_I_O)         0.096     3.521 r  CLK_IBUF_BUFG_inst/O
                         net (fo=46, routed)          1.627     5.148    CLK_IBUF_BUFG
    SLICE_X64Y51         FDRE                                         r  counter_sw15_reg[1]/C
  -------------------------------------------------------------------    -------------------
    SLICE_X64Y51         FDRE (Prop_fdre_C_Q)         0.518     5.666 r  counter_sw15_reg[1]/Q
                         net (fo=7, routed)           2.106     7.772    LED_OBUF[9]
    V3                   OBUF (Prop_obuf_I_O)         3.508    11.280 r  LED_OBUF[9]_inst/O
                         net (fo=0)                   0.000    11.280    LED[9]
    V3                                                                r  LED[9] (OUT)
  -------------------------------------------------------------------    -------------------

Slack:                    inf
  Source:                 counter_sw0_reg[5]/C
                            (rising edge-triggered cell FDRE clocked by sys_clk_pin  {rise@0.000ns fall@5.000ns period=10.000ns})
  Destination:            LED[5]
                            (output port)
  Path Group:             (none)
  Path Type:              Max at Slow Process Corner
  Data Path Delay:        6.061ns  (logic 3.970ns (65.510%)  route 2.090ns (34.490%))
  Logic Levels:           1  (OBUF=1)
  Clock Uncertainty:      0.025ns  ((TSJ^2 + TIJ^2)^1/2 + DJ) / 2 + PE
    Total System Jitter     (TSJ):    0.050ns
    Total Input Jitter      (TIJ):    0.000ns
    Discrete Jitter          (DJ):    0.000ns
    Phase Error              (PE):    0.000ns

    Location             Delay type                Incr(ns)  Path(ns)    Netlist Resource(s)
  -------------------------------------------------------------------    -------------------
                         (clock sys_clk_pin rise edge)
                                                      0.000     0.000 r  
    W5                                                0.000     0.000 r  CLK (IN)
                         net (fo=0)                   0.000     0.000    CLK
    W5                   IBUF (Prop_ibuf_I_O)         1.458     1.458 r  CLK_IBUF_inst/O
                         net (fo=1, routed)           1.967     3.425    CLK_IBUF
    BUFGCTRL_X0Y0        BUFG (Prop_bufg_I_O)         0.096     3.521 r  CLK_IBUF_BUFG_inst/O
                         net (fo=46, routed)          1.633     5.154    CLK_IBUF_BUFG
    SLICE_X0Y13          FDRE                                         r  counter_sw0_reg[5]/C
  -------------------------------------------------------------------    -------------------
    SLICE_X0Y13          FDRE (Prop_fdre_C_Q)         0.456     5.610 r  counter_sw0_reg[5]/Q
                         net (fo=3, routed)           2.090     7.701    LED_OBUF[5]
    U15                  OBUF (Prop_obuf_I_O)         3.514    11.215 r  LED_OBUF[5]_inst/O
                         net (fo=0)                   0.000    11.215    LED[5]
    U15                                                               r  LED[5] (OUT)
  -------------------------------------------------------------------    -------------------

Slack:                    inf
  Source:                 counter_sw0_reg[6]/C
                            (rising edge-triggered cell FDRE clocked by sys_clk_pin  {rise@0.000ns fall@5.000ns period=10.000ns})
  Destination:            LED[6]
                            (output port)
  Path Group:             (none)
  Path Type:              Max at Slow Process Corner
  Data Path Delay:        6.058ns  (logic 3.962ns (65.409%)  route 2.095ns (34.591%))
  Logic Levels:           1  (OBUF=1)
  Clock Uncertainty:      0.025ns  ((TSJ^2 + TIJ^2)^1/2 + DJ) / 2 + PE
    Total System Jitter     (TSJ):    0.050ns
    Total Input Jitter      (TIJ):    0.000ns
    Discrete Jitter          (DJ):    0.000ns
    Phase Error              (PE):    0.000ns

    Location             Delay type                Incr(ns)  Path(ns)    Netlist Resource(s)
  -------------------------------------------------------------------    -------------------
                         (clock sys_clk_pin rise edge)
                                                      0.000     0.000 r  
    W5                                                0.000     0.000 r  CLK (IN)
                         net (fo=0)                   0.000     0.000    CLK
    W5                   IBUF (Prop_ibuf_I_O)         1.458     1.458 r  CLK_IBUF_inst/O
                         net (fo=1, routed)           1.967     3.425    CLK_IBUF
    BUFGCTRL_X0Y0        BUFG (Prop_bufg_I_O)         0.096     3.521 r  CLK_IBUF_BUFG_inst/O
                         net (fo=46, routed)          1.636     5.157    CLK_IBUF_BUFG
    SLICE_X0Y10          FDRE                                         r  counter_sw0_reg[6]/C
  -------------------------------------------------------------------    -------------------
    SLICE_X0Y10          FDRE (Prop_fdre_C_Q)         0.456     5.613 r  counter_sw0_reg[6]/Q
                         net (fo=3, routed)           2.095     7.709    LED_OBUF[6]
    U14                  OBUF (Prop_obuf_I_O)         3.506    11.215 r  LED_OBUF[6]_inst/O
                         net (fo=0)                   0.000    11.215    LED[6]
    U14                                                               r  LED[6] (OUT)
  -------------------------------------------------------------------    -------------------





Min Delay Paths
--------------------------------------------------------------------------------------
Slack:                    inf
  Source:                 counter_sw0_reg[3]/C
                            (rising edge-triggered cell FDRE clocked by sys_clk_pin  {rise@0.000ns fall@5.000ns period=10.000ns})
  Destination:            LED[3]
                            (output port)
  Path Group:             (none)
  Path Type:              Min at Fast Process Corner
  Data Path Delay:        1.740ns  (logic 1.351ns (77.642%)  route 0.389ns (22.358%))
  Logic Levels:           1  (OBUF=1)
  Clock Uncertainty:      0.025ns  ((TSJ^2 + TIJ^2)^1/2 + DJ) / 2 + PE
    Total System Jitter     (TSJ):    0.050ns
    Total Input Jitter      (TIJ):    0.000ns
    Discrete Jitter          (DJ):    0.000ns
    Phase Error              (PE):    0.000ns

    Location             Delay type                Incr(ns)  Path(ns)    Netlist Resource(s)
  -------------------------------------------------------------------    -------------------
                         (clock sys_clk_pin rise edge)
                                                      0.000     0.000 r  
    W5                                                0.000     0.000 r  CLK (IN)
                         net (fo=0)                   0.000     0.000    CLK
    W5                   IBUF (Prop_ibuf_I_O)         0.226     0.226 r  CLK_IBUF_inst/O
                         net (fo=1, routed)           0.631     0.858    CLK_IBUF
    BUFGCTRL_X0Y0        BUFG (Prop_bufg_I_O)         0.026     0.884 r  CLK_IBUF_BUFG_inst/O
                         net (fo=46, routed)          0.591     1.474    CLK_IBUF_BUFG
    SLICE_X0Y13          FDRE                                         r  counter_sw0_reg[3]/C
  -------------------------------------------------------------------    -------------------
    SLICE_X0Y13          FDRE (Prop_fdre_C_Q)         0.141     1.615 r  counter_sw0_reg[3]/Q
                         net (fo=5, routed)           0.389     2.004    LED_OBUF[3]
    V19                  OBUF (Prop_obuf_I_O)         1.210     3.214 r  LED_OBUF[3]_inst/O
                         net (fo=0)                   0.000     3.214    LED[3]
    V19                                                               r  LED[3] (OUT)
  -------------------------------------------------------------------    -------------------

Slack:                    inf
  Source:                 counter_sw0_reg[0]/C
                            (rising edge-triggered cell FDRE clocked by sys_clk_pin  {rise@0.000ns fall@5.000ns period=10.000ns})
  Destination:            LED[0]
                            (output port)
  Path Group:             (none)
  Path Type:              Min at Fast Process Corner
  Data Path Delay:        1.812ns  (logic 1.347ns (74.325%)  route 0.465ns (25.675%))
  Logic Levels:           1  (OBUF=1)
  Clock Uncertainty:      0.025ns  ((TSJ^2 + TIJ^2)^1/2 + DJ) / 2 + PE
    Total System Jitter     (TSJ):    0.050ns
    Total Input Jitter      (TIJ):    0.000ns
    Discrete Jitter          (DJ):    0.000ns
    Phase Error              (PE):    0.000ns

    Location             Delay type                Incr(ns)  Path(ns)    Netlist Resource(s)
  -------------------------------------------------------------------    -------------------
                         (clock sys_clk_pin rise edge)
                                                      0.000     0.000 r  
    W5                                                0.000     0.000 r  CLK (IN)
                         net (fo=0)                   0.000     0.000    CLK
    W5                   IBUF (Prop_ibuf_I_O)         0.226     0.226 r  CLK_IBUF_inst/O
                         net (fo=1, routed)           0.631     0.858    CLK_IBUF
    BUFGCTRL_X0Y0        BUFG (Prop_bufg_I_O)         0.026     0.884 r  CLK_IBUF_BUFG_inst/O
                         net (fo=46, routed)          0.592     1.475    CLK_IBUF_BUFG
    SLICE_X0Y12          FDRE                                         r  counter_sw0_reg[0]/C
  -------------------------------------------------------------------    -------------------
    SLICE_X0Y12          FDRE (Prop_fdre_C_Q)         0.141     1.616 r  counter_sw0_reg[0]/Q
                         net (fo=8, routed)           0.465     2.081    LED_OBUF[0]
    U16                  OBUF (Prop_obuf_I_O)         1.206     3.287 r  LED_OBUF[0]_inst/O
                         net (fo=0)                   0.000     3.287    LED[0]
    U16                                                               r  LED[0] (OUT)
  -------------------------------------------------------------------    -------------------

Slack:                    inf
  Source:                 counter_sw15_reg[6]/C
                            (rising edge-triggered cell FDRE clocked by sys_clk_pin  {rise@0.000ns fall@5.000ns period=10.000ns})
  Destination:            LED[14]
                            (output port)
  Path Group:             (none)
  Path Type:              Min at Fast Process Corner
  Data Path Delay:        1.822ns  (logic 1.380ns (75.747%)  route 0.442ns (24.253%))
  Logic Levels:           1  (OBUF=1)
  Clock Uncertainty:      0.025ns  ((TSJ^2 + TIJ^2)^1/2 + DJ) / 2 + PE
    Total System Jitter     (TSJ):    0.050ns
    Total Input Jitter      (TIJ):    0.000ns
    Discrete Jitter          (DJ):    0.000ns
    Phase Error              (PE):    0.000ns

    Location             Delay type                Incr(ns)  Path(ns)    Netlist Resource(s)
  -------------------------------------------------------------------    -------------------
                         (clock sys_clk_pin rise edge)
                                                      0.000     0.000 r  
    W5                                                0.000     0.000 r  CLK (IN)
                         net (fo=0)                   0.000     0.000    CLK
    W5                   IBUF (Prop_ibuf_I_O)         0.226     0.226 r  CLK_IBUF_inst/O
                         net (fo=1, routed)           0.631     0.858    CLK_IBUF
    BUFGCTRL_X0Y0        BUFG (Prop_bufg_I_O)         0.026     0.884 r  CLK_IBUF_BUFG_inst/O
                         net (fo=46, routed)          0.594     1.477    CLK_IBUF_BUFG
    SLICE_X64Y52         FDRE                                         r  counter_sw15_reg[6]/C
  -------------------------------------------------------------------    -------------------
    SLICE_X64Y52         FDRE (Prop_fdre_C_Q)         0.164     1.641 r  counter_sw15_reg[6]/Q
                         net (fo=3, routed)           0.442     2.083    LED_OBUF[14]
    P1                   OBUF (Prop_obuf_I_O)         1.216     3.300 r  LED_OBUF[14]_inst/O
                         net (fo=0)                   0.000     3.300    LED[14]
    P1                                                                r  LED[14] (OUT)
  -------------------------------------------------------------------    -------------------

Slack:                    inf
  Source:                 counter_sw0_reg[4]/C
                            (rising edge-triggered cell FDRE clocked by sys_clk_pin  {rise@0.000ns fall@5.000ns period=10.000ns})
  Destination:            LED[4]
                            (output port)
  Path Group:             (none)
  Path Type:              Min at Fast Process Corner
  Data Path Delay:        1.852ns  (logic 1.391ns (75.076%)  route 0.462ns (24.924%))
  Logic Levels:           1  (OBUF=1)
  Clock Uncertainty:      0.025ns  ((TSJ^2 + TIJ^2)^1/2 + DJ) / 2 + PE
    Total System Jitter     (TSJ):    0.050ns
    Total Input Jitter      (TIJ):    0.000ns
    Discrete Jitter          (DJ):    0.000ns
    Phase Error              (PE):    0.000ns

    Location             Delay type                Incr(ns)  Path(ns)    Netlist Resource(s)
  -------------------------------------------------------------------    -------------------
                         (clock sys_clk_pin rise edge)
                                                      0.000     0.000 r  
    W5                                                0.000     0.000 r  CLK (IN)
                         net (fo=0)                   0.000     0.000    CLK
    W5                   IBUF (Prop_ibuf_I_O)         0.226     0.226 r  CLK_IBUF_inst/O
                         net (fo=1, routed)           0.631     0.858    CLK_IBUF
    BUFGCTRL_X0Y0        BUFG (Prop_bufg_I_O)         0.026     0.884 r  CLK_IBUF_BUFG_inst/O
                         net (fo=46, routed)          0.591     1.474    CLK_IBUF_BUFG
    SLICE_X0Y13          FDRE                                         r  counter_sw0_reg[4]/C
  -------------------------------------------------------------------    -------------------
    SLICE_X0Y13          FDRE (Prop_fdre_C_Q)         0.128     1.602 r  counter_sw0_reg[4]/Q
                         net (fo=4, routed)           0.462     2.064    LED_OBUF[4]
    W18                  OBUF (Prop_obuf_I_O)         1.263     3.327 r  LED_OBUF[4]_inst/O
                         net (fo=0)                   0.000     3.327    LED[4]
    W18                                                               r  LED[4] (OUT)
  -------------------------------------------------------------------    -------------------

Slack:                    inf
  Source:                 counter_sw0_reg[2]/C
                            (rising edge-triggered cell FDRE clocked by sys_clk_pin  {rise@0.000ns fall@5.000ns period=10.000ns})
  Destination:            LED[2]
                            (output port)
  Path Group:             (none)
  Path Type:              Min at Fast Process Corner
  Data Path Delay:        1.854ns  (logic 1.384ns (74.639%)  route 0.470ns (25.361%))
  Logic Levels:           1  (OBUF=1)
  Clock Uncertainty:      0.025ns  ((TSJ^2 + TIJ^2)^1/2 + DJ) / 2 + PE
    Total System Jitter     (TSJ):    0.050ns
    Total Input Jitter      (TIJ):    0.000ns
    Discrete Jitter          (DJ):    0.000ns
    Phase Error              (PE):    0.000ns

    Location             Delay type                Incr(ns)  Path(ns)    Netlist Resource(s)
  -------------------------------------------------------------------    -------------------
                         (clock sys_clk_pin rise edge)
                                                      0.000     0.000 r  
    W5                                                0.000     0.000 r  CLK (IN)
                         net (fo=0)                   0.000     0.000    CLK
    W5                   IBUF (Prop_ibuf_I_O)         0.226     0.226 r  CLK_IBUF_inst/O
                         net (fo=1, routed)           0.631     0.858    CLK_IBUF
    BUFGCTRL_X0Y0        BUFG (Prop_bufg_I_O)         0.026     0.884 r  CLK_IBUF_BUFG_inst/O
                         net (fo=46, routed)          0.591     1.474    CLK_IBUF_BUFG
    SLICE_X0Y13          FDRE                                         r  counter_sw0_reg[2]/C
  -------------------------------------------------------------------    -------------------
    SLICE_X0Y13          FDRE (Prop_fdre_C_Q)         0.128     1.602 r  counter_sw0_reg[2]/Q
                         net (fo=6, routed)           0.470     2.072    LED_OBUF[2]
    U19                  OBUF (Prop_obuf_I_O)         1.256     3.329 r  LED_OBUF[2]_inst/O
                         net (fo=0)                   0.000     3.329    LED[2]
    U19                                                               r  LED[2] (OUT)
  -------------------------------------------------------------------    -------------------

Slack:                    inf
  Source:                 counter_sw0_reg[7]/C
                            (rising edge-triggered cell FDRE clocked by sys_clk_pin  {rise@0.000ns fall@5.000ns period=10.000ns})
  Destination:            LED[7]
                            (output port)
  Path Group:             (none)
  Path Type:              Min at Fast Process Corner
  Data Path Delay:        1.860ns  (logic 1.384ns (74.398%)  route 0.476ns (25.602%))
  Logic Levels:           1  (OBUF=1)
  Clock Uncertainty:      0.025ns  ((TSJ^2 + TIJ^2)^1/2 + DJ) / 2 + PE
    Total System Jitter     (TSJ):    0.050ns
    Total Input Jitter      (TIJ):    0.000ns
    Discrete Jitter          (DJ):    0.000ns
    Phase Error              (PE):    0.000ns

    Location             Delay type                Incr(ns)  Path(ns)    Netlist Resource(s)
  -------------------------------------------------------------------    -------------------
                         (clock sys_clk_pin rise edge)
                                                      0.000     0.000 r  
    W5                                                0.000     0.000 r  CLK (IN)
                         net (fo=0)                   0.000     0.000    CLK
    W5                   IBUF (Prop_ibuf_I_O)         0.226     0.226 r  CLK_IBUF_inst/O
                         net (fo=1, routed)           0.631     0.858    CLK_IBUF
    BUFGCTRL_X0Y0        BUFG (Prop_bufg_I_O)         0.026     0.884 r  CLK_IBUF_BUFG_inst/O
                         net (fo=46, routed)          0.593     1.476    CLK_IBUF_BUFG
    SLICE_X0Y10          FDRE                                         r  counter_sw0_reg[7]/C
  -------------------------------------------------------------------    -------------------
    SLICE_X0Y10          FDRE (Prop_fdre_C_Q)         0.128     1.604 r  counter_sw0_reg[7]/Q
                         net (fo=2, routed)           0.476     2.080    LED_OBUF[7]
    V14                  OBUF (Prop_obuf_I_O)         1.256     3.336 r  LED_OBUF[7]_inst/O
                         net (fo=0)                   0.000     3.336    LED[7]
    V14                                                               r  LED[7] (OUT)
  -------------------------------------------------------------------    -------------------

Slack:                    inf
  Source:                 counter_sw0_reg[6]/C
                            (rising edge-triggered cell FDRE clocked by sys_clk_pin  {rise@0.000ns fall@5.000ns period=10.000ns})
  Destination:            LED[6]
                            (output port)
  Path Group:             (none)
  Path Type:              Min at Fast Process Corner
  Data Path Delay:        1.865ns  (logic 1.348ns (72.306%)  route 0.516ns (27.694%))
  Logic Levels:           1  (OBUF=1)
  Clock Uncertainty:      0.025ns  ((TSJ^2 + TIJ^2)^1/2 + DJ) / 2 + PE
    Total System Jitter     (TSJ):    0.050ns
    Total Input Jitter      (TIJ):    0.000ns
    Discrete Jitter          (DJ):    0.000ns
    Phase Error              (PE):    0.000ns

    Location             Delay type                Incr(ns)  Path(ns)    Netlist Resource(s)
  -------------------------------------------------------------------    -------------------
                         (clock sys_clk_pin rise edge)
                                                      0.000     0.000 r  
    W5                                                0.000     0.000 r  CLK (IN)
                         net (fo=0)                   0.000     0.000    CLK
    W5                   IBUF (Prop_ibuf_I_O)         0.226     0.226 r  CLK_IBUF_inst/O
                         net (fo=1, routed)           0.631     0.858    CLK_IBUF
    BUFGCTRL_X0Y0        BUFG (Prop_bufg_I_O)         0.026     0.884 r  CLK_IBUF_BUFG_inst/O
                         net (fo=46, routed)          0.593     1.476    CLK_IBUF_BUFG
    SLICE_X0Y10          FDRE                                         r  counter_sw0_reg[6]/C
  -------------------------------------------------------------------    -------------------
    SLICE_X0Y10          FDRE (Prop_fdre_C_Q)         0.141     1.617 r  counter_sw0_reg[6]/Q
                         net (fo=3, routed)           0.516     2.134    LED_OBUF[6]
    U14                  OBUF (Prop_obuf_I_O)         1.207     3.341 r  LED_OBUF[6]_inst/O
                         net (fo=0)                   0.000     3.341    LED[6]
    U14                                                               r  LED[6] (OUT)
  -------------------------------------------------------------------    -------------------

Slack:                    inf
  Source:                 counter_sw0_reg[5]/C
                            (rising edge-triggered cell FDRE clocked by sys_clk_pin  {rise@0.000ns fall@5.000ns period=10.000ns})
  Destination:            LED[5]
                            (output port)
  Path Group:             (none)
  Path Type:              Min at Fast Process Corner
  Data Path Delay:        1.868ns  (logic 1.357ns (72.623%)  route 0.511ns (27.377%))
  Logic Levels:           1  (OBUF=1)
  Clock Uncertainty:      0.025ns  ((TSJ^2 + TIJ^2)^1/2 + DJ) / 2 + PE
    Total System Jitter     (TSJ):    0.050ns
    Total Input Jitter      (TIJ):    0.000ns
    Discrete Jitter          (DJ):    0.000ns
    Phase Error              (PE):    0.000ns

    Location             Delay type                Incr(ns)  Path(ns)    Netlist Resource(s)
  -------------------------------------------------------------------    -------------------
                         (clock sys_clk_pin rise edge)
                                                      0.000     0.000 r  
    W5                                                0.000     0.000 r  CLK (IN)
                         net (fo=0)                   0.000     0.000    CLK
    W5                   IBUF (Prop_ibuf_I_O)         0.226     0.226 r  CLK_IBUF_inst/O
                         net (fo=1, routed)           0.631     0.858    CLK_IBUF
    BUFGCTRL_X0Y0        BUFG (Prop_bufg_I_O)         0.026     0.884 r  CLK_IBUF_BUFG_inst/O
                         net (fo=46, routed)          0.591     1.474    CLK_IBUF_BUFG
    SLICE_X0Y13          FDRE                                         r  counter_sw0_reg[5]/C
  -------------------------------------------------------------------    -------------------
    SLICE_X0Y13          FDRE (Prop_fdre_C_Q)         0.141     1.615 r  counter_sw0_reg[5]/Q
                         net (fo=3, routed)           0.511     2.127    LED_OBUF[5]
    U15                  OBUF (Prop_obuf_I_O)         1.216     3.342 r  LED_OBUF[5]_inst/O
                         net (fo=0)                   0.000     3.342    LED[5]
    U15                                                               r  LED[5] (OUT)
  -------------------------------------------------------------------    -------------------

Slack:                    inf
  Source:                 counter_sw15_reg[1]/C
                            (rising edge-triggered cell FDRE clocked by sys_clk_pin  {rise@0.000ns fall@5.000ns period=10.000ns})
  Destination:            LED[9]
                            (output port)
  Path Group:             (none)
  Path Type:              Min at Fast Process Corner
  Data Path Delay:        1.892ns  (logic 1.373ns (72.568%)  route 0.519ns (27.432%))
  Logic Levels:           1  (OBUF=1)
  Clock Uncertainty:      0.025ns  ((TSJ^2 + TIJ^2)^1/2 + DJ) / 2 + PE
    Total System Jitter     (TSJ):    0.050ns
    Total Input Jitter      (TIJ):    0.000ns
    Discrete Jitter          (DJ):    0.000ns
    Phase Error              (PE):    0.000ns

    Location             Delay type                Incr(ns)  Path(ns)    Netlist Resource(s)
  -------------------------------------------------------------------    -------------------
                         (clock sys_clk_pin rise edge)
                                                      0.000     0.000 r  
    W5                                                0.000     0.000 r  CLK (IN)
                         net (fo=0)                   0.000     0.000    CLK
    W5                   IBUF (Prop_ibuf_I_O)         0.226     0.226 r  CLK_IBUF_inst/O
                         net (fo=1, routed)           0.631     0.858    CLK_IBUF
    BUFGCTRL_X0Y0        BUFG (Prop_bufg_I_O)         0.026     0.884 r  CLK_IBUF_BUFG_inst/O
                         net (fo=46, routed)          0.594     1.477    CLK_IBUF_BUFG
    SLICE_X64Y51         FDRE                                         r  counter_sw15_reg[1]/C
  -------------------------------------------------------------------    -------------------
    SLICE_X64Y51         FDRE (Prop_fdre_C_Q)         0.164     1.641 r  counter_sw15_reg[1]/Q
                         net (fo=7, routed)           0.519     2.160    LED_OBUF[9]
    V3                   OBUF (Prop_obuf_I_O)         1.209     3.370 r  LED_OBUF[9]_inst/O
                         net (fo=0)                   0.000     3.370    LED[9]
    V3                                                                r  LED[9] (OUT)
  -------------------------------------------------------------------    -------------------

Slack:                    inf
  Source:                 counter_sw15_reg[2]/C
                            (rising edge-triggered cell FDRE clocked by sys_clk_pin  {rise@0.000ns fall@5.000ns period=10.000ns})
  Destination:            LED[10]
                            (output port)
  Path Group:             (none)
  Path Type:              Min at Fast Process Corner
  Data Path Delay:        2.006ns  (logic 1.427ns (71.157%)  route 0.579ns (28.843%))
  Logic Levels:           1  (OBUF=1)
  Clock Uncertainty:      0.025ns  ((TSJ^2 + TIJ^2)^1/2 + DJ) / 2 + PE
    Total System Jitter     (TSJ):    0.050ns
    Total Input Jitter      (TIJ):    0.000ns
    Discrete Jitter          (DJ):    0.000ns
    Phase Error              (PE):    0.000ns

    Location             Delay type                Incr(ns)  Path(ns)    Netlist Resource(s)
  -------------------------------------------------------------------    -------------------
                         (clock sys_clk_pin rise edge)
                                                      0.000     0.000 r  
    W5                                                0.000     0.000 r  CLK (IN)
                         net (fo=0)                   0.000     0.000    CLK
    W5                   IBUF (Prop_ibuf_I_O)         0.226     0.226 r  CLK_IBUF_inst/O
                         net (fo=1, routed)           0.631     0.858    CLK_IBUF
    BUFGCTRL_X0Y0        BUFG (Prop_bufg_I_O)         0.026     0.884 r  CLK_IBUF_BUFG_inst/O
                         net (fo=46, routed)          0.594     1.477    CLK_IBUF_BUFG
    SLICE_X64Y51         FDRE                                         r  counter_sw15_reg[2]/C
  -------------------------------------------------------------------    -------------------
    SLICE_X64Y51         FDRE (Prop_fdre_C_Q)         0.148     1.625 r  counter_sw15_reg[2]/Q
                         net (fo=6, routed)           0.579     2.204    LED_OBUF[10]
    W3                   OBUF (Prop_obuf_I_O)         1.279     3.483 r  LED_OBUF[10]_inst/O
                         net (fo=0)                   0.000     3.483    LED[10]
    W3                                                                r  LED[10] (OUT)
  -------------------------------------------------------------------    -------------------





--------------------------------------------------------------------------------------
Path Group:  (none)
From Clock:  
  To Clock:  sys_clk_pin

Max Delay            26 Endpoints
Min Delay            26 Endpoints
--------------------------------------------------------------------------------------


Max Delay Paths
--------------------------------------------------------------------------------------
Slack:                    inf
  Source:                 RST
                            (input port)
  Destination:            counter_sw15_reg[3]/R
                            (rising edge-triggered cell FDRE clocked by sys_clk_pin  {rise@0.000ns fall@5.000ns period=10.000ns})
  Path Group:             (none)
  Path Type:              Setup (Max at Slow Process Corner)
  Data Path Delay:        5.714ns  (logic 1.441ns (25.224%)  route 4.273ns (74.776%))
  Logic Levels:           1  (IBUF=1)
  Clock Path Skew:        4.851ns (DCD - SCD + CPR)
    Destination Clock Delay (DCD):    4.851ns
    Source Clock Delay      (SCD):    0.000ns
    Clock Pessimism Removal (CPR):    0.000ns
  Clock Uncertainty:      0.025ns  ((TSJ^2 + TIJ^2)^1/2 + DJ) / 2 + PE
    Total System Jitter     (TSJ):    0.050ns
    Total Input Jitter      (TIJ):    0.000ns
    Discrete Jitter          (DJ):    0.000ns
    Phase Error              (PE):    0.000ns

    Location             Delay type                Incr(ns)  Path(ns)    Netlist Resource(s)
  -------------------------------------------------------------------    -------------------
    U18                                               0.000     0.000 r  RST (IN)
                         net (fo=0)                   0.000     0.000    RST
    U18                  IBUF (Prop_ibuf_I_O)         1.441     1.441 r  RST_IBUF_inst/O
                         net (fo=16, routed)          4.273     5.714    RST_IBUF
    SLICE_X64Y52         FDRE                                         r  counter_sw15_reg[3]/R
  -------------------------------------------------------------------    -------------------

                         (clock sys_clk_pin rise edge)
                                                      0.000     0.000 r  
    W5                                                0.000     0.000 r  CLK (IN)
                         net (fo=0)                   0.000     0.000    CLK
    W5                   IBUF (Prop_ibuf_I_O)         1.388     1.388 r  CLK_IBUF_inst/O
                         net (fo=1, routed)           1.862     3.250    CLK_IBUF
    BUFGCTRL_X0Y0        BUFG (Prop_bufg_I_O)         0.091     3.341 r  CLK_IBUF_BUFG_inst/O
                         net (fo=46, routed)          1.510     4.851    CLK_IBUF_BUFG
    SLICE_X64Y52         FDRE                                         r  counter_sw15_reg[3]/C

Slack:                    inf
  Source:                 RST
                            (input port)
  Destination:            counter_sw15_reg[4]/R
                            (rising edge-triggered cell FDRE clocked by sys_clk_pin  {rise@0.000ns fall@5.000ns period=10.000ns})
  Path Group:             (none)
  Path Type:              Setup (Max at Slow Process Corner)
  Data Path Delay:        5.714ns  (logic 1.441ns (25.224%)  route 4.273ns (74.776%))
  Logic Levels:           1  (IBUF=1)
  Clock Path Skew:        4.851ns (DCD - SCD + CPR)
    Destination Clock Delay (DCD):    4.851ns
    Source Clock Delay      (SCD):    0.000ns
    Clock Pessimism Removal (CPR):    0.000ns
  Clock Uncertainty:      0.025ns  ((TSJ^2 + TIJ^2)^1/2 + DJ) / 2 + PE
    Total System Jitter     (TSJ):    0.050ns
    Total Input Jitter      (TIJ):    0.000ns
    Discrete Jitter          (DJ):    0.000ns
    Phase Error              (PE):    0.000ns

    Location             Delay type                Incr(ns)  Path(ns)    Netlist Resource(s)
  -------------------------------------------------------------------    -------------------
    U18                                               0.000     0.000 r  RST (IN)
                         net (fo=0)                   0.000     0.000    RST
    U18                  IBUF (Prop_ibuf_I_O)         1.441     1.441 r  RST_IBUF_inst/O
                         net (fo=16, routed)          4.273     5.714    RST_IBUF
    SLICE_X64Y52         FDRE                                         r  counter_sw15_reg[4]/R
  -------------------------------------------------------------------    -------------------

                         (clock sys_clk_pin rise edge)
                                                      0.000     0.000 r  
    W5                                                0.000     0.000 r  CLK (IN)
                         net (fo=0)                   0.000     0.000    CLK
    W5                   IBUF (Prop_ibuf_I_O)         1.388     1.388 r  CLK_IBUF_inst/O
                         net (fo=1, routed)           1.862     3.250    CLK_IBUF
    BUFGCTRL_X0Y0        BUFG (Prop_bufg_I_O)         0.091     3.341 r  CLK_IBUF_BUFG_inst/O
                         net (fo=46, routed)          1.510     4.851    CLK_IBUF_BUFG
    SLICE_X64Y52         FDRE                                         r  counter_sw15_reg[4]/C

Slack:                    inf
  Source:                 RST
                            (input port)
  Destination:            counter_sw15_reg[5]/R
                            (rising edge-triggered cell FDRE clocked by sys_clk_pin  {rise@0.000ns fall@5.000ns period=10.000ns})
  Path Group:             (none)
  Path Type:              Setup (Max at Slow Process Corner)
  Data Path Delay:        5.714ns  (logic 1.441ns (25.224%)  route 4.273ns (74.776%))
  Logic Levels:           1  (IBUF=1)
  Clock Path Skew:        4.851ns (DCD - SCD + CPR)
    Destination Clock Delay (DCD):    4.851ns
    Source Clock Delay      (SCD):    0.000ns
    Clock Pessimism Removal (CPR):    0.000ns
  Clock Uncertainty:      0.025ns  ((TSJ^2 + TIJ^2)^1/2 + DJ) / 2 + PE
    Total System Jitter     (TSJ):    0.050ns
    Total Input Jitter      (TIJ):    0.000ns
    Discrete Jitter          (DJ):    0.000ns
    Phase Error              (PE):    0.000ns

    Location             Delay type                Incr(ns)  Path(ns)    Netlist Resource(s)
  -------------------------------------------------------------------    -------------------
    U18                                               0.000     0.000 r  RST (IN)
                         net (fo=0)                   0.000     0.000    RST
    U18                  IBUF (Prop_ibuf_I_O)         1.441     1.441 r  RST_IBUF_inst/O
                         net (fo=16, routed)          4.273     5.714    RST_IBUF
    SLICE_X64Y52         FDRE                                         r  counter_sw15_reg[5]/R
  -------------------------------------------------------------------    -------------------

                         (clock sys_clk_pin rise edge)
                                                      0.000     0.000 r  
    W5                                                0.000     0.000 r  CLK (IN)
                         net (fo=0)                   0.000     0.000    CLK
    W5                   IBUF (Prop_ibuf_I_O)         1.388     1.388 r  CLK_IBUF_inst/O
                         net (fo=1, routed)           1.862     3.250    CLK_IBUF
    BUFGCTRL_X0Y0        BUFG (Prop_bufg_I_O)         0.091     3.341 r  CLK_IBUF_BUFG_inst/O
                         net (fo=46, routed)          1.510     4.851    CLK_IBUF_BUFG
    SLICE_X64Y52         FDRE                                         r  counter_sw15_reg[5]/C

Slack:                    inf
  Source:                 RST
                            (input port)
  Destination:            counter_sw15_reg[6]/R
                            (rising edge-triggered cell FDRE clocked by sys_clk_pin  {rise@0.000ns fall@5.000ns period=10.000ns})
  Path Group:             (none)
  Path Type:              Setup (Max at Slow Process Corner)
  Data Path Delay:        5.714ns  (logic 1.441ns (25.224%)  route 4.273ns (74.776%))
  Logic Levels:           1  (IBUF=1)
  Clock Path Skew:        4.851ns (DCD - SCD + CPR)
    Destination Clock Delay (DCD):    4.851ns
    Source Clock Delay      (SCD):    0.000ns
    Clock Pessimism Removal (CPR):    0.000ns
  Clock Uncertainty:      0.025ns  ((TSJ^2 + TIJ^2)^1/2 + DJ) / 2 + PE
    Total System Jitter     (TSJ):    0.050ns
    Total Input Jitter      (TIJ):    0.000ns
    Discrete Jitter          (DJ):    0.000ns
    Phase Error              (PE):    0.000ns

    Location             Delay type                Incr(ns)  Path(ns)    Netlist Resource(s)
  -------------------------------------------------------------------    -------------------
    U18                                               0.000     0.000 r  RST (IN)
                         net (fo=0)                   0.000     0.000    RST
    U18                  IBUF (Prop_ibuf_I_O)         1.441     1.441 r  RST_IBUF_inst/O
                         net (fo=16, routed)          4.273     5.714    RST_IBUF
    SLICE_X64Y52         FDRE                                         r  counter_sw15_reg[6]/R
  -------------------------------------------------------------------    -------------------

                         (clock sys_clk_pin rise edge)
                                                      0.000     0.000 r  
    W5                                                0.000     0.000 r  CLK (IN)
                         net (fo=0)                   0.000     0.000    CLK
    W5                   IBUF (Prop_ibuf_I_O)         1.388     1.388 r  CLK_IBUF_inst/O
                         net (fo=1, routed)           1.862     3.250    CLK_IBUF
    BUFGCTRL_X0Y0        BUFG (Prop_bufg_I_O)         0.091     3.341 r  CLK_IBUF_BUFG_inst/O
                         net (fo=46, routed)          1.510     4.851    CLK_IBUF_BUFG
    SLICE_X64Y52         FDRE                                         r  counter_sw15_reg[6]/C

Slack:                    inf
  Source:                 RST
                            (input port)
  Destination:            counter_sw15_reg[7]/R
                            (rising edge-triggered cell FDRE clocked by sys_clk_pin  {rise@0.000ns fall@5.000ns period=10.000ns})
  Path Group:             (none)
  Path Type:              Setup (Max at Slow Process Corner)
  Data Path Delay:        5.714ns  (logic 1.441ns (25.224%)  route 4.273ns (74.776%))
  Logic Levels:           1  (IBUF=1)
  Clock Path Skew:        4.851ns (DCD - SCD + CPR)
    Destination Clock Delay (DCD):    4.851ns
    Source Clock Delay      (SCD):    0.000ns
    Clock Pessimism Removal (CPR):    0.000ns
  Clock Uncertainty:      0.025ns  ((TSJ^2 + TIJ^2)^1/2 + DJ) / 2 + PE
    Total System Jitter     (TSJ):    0.050ns
    Total Input Jitter      (TIJ):    0.000ns
    Discrete Jitter          (DJ):    0.000ns
    Phase Error              (PE):    0.000ns

    Location             Delay type                Incr(ns)  Path(ns)    Netlist Resource(s)
  -------------------------------------------------------------------    -------------------
    U18                                               0.000     0.000 r  RST (IN)
                         net (fo=0)                   0.000     0.000    RST
    U18                  IBUF (Prop_ibuf_I_O)         1.441     1.441 r  RST_IBUF_inst/O
                         net (fo=16, routed)          4.273     5.714    RST_IBUF
    SLICE_X64Y52         FDRE                                         r  counter_sw15_reg[7]/R
  -------------------------------------------------------------------    -------------------

                         (clock sys_clk_pin rise edge)
                                                      0.000     0.000 r  
    W5                                                0.000     0.000 r  CLK (IN)
                         net (fo=0)                   0.000     0.000    CLK
    W5                   IBUF (Prop_ibuf_I_O)         1.388     1.388 r  CLK_IBUF_inst/O
                         net (fo=1, routed)           1.862     3.250    CLK_IBUF
    BUFGCTRL_X0Y0        BUFG (Prop_bufg_I_O)         0.091     3.341 r  CLK_IBUF_BUFG_inst/O
                         net (fo=46, routed)          1.510     4.851    CLK_IBUF_BUFG
    SLICE_X64Y52         FDRE                                         r  counter_sw15_reg[7]/C

Slack:                    inf
  Source:                 RST
                            (input port)
  Destination:            counter_sw15_reg[0]/R
                            (rising edge-triggered cell FDRE clocked by sys_clk_pin  {rise@0.000ns fall@5.000ns period=10.000ns})
  Path Group:             (none)
  Path Type:              Setup (Max at Slow Process Corner)
  Data Path Delay:        5.458ns  (logic 1.441ns (26.408%)  route 4.017ns (73.592%))
  Logic Levels:           1  (IBUF=1)
  Clock Path Skew:        4.851ns (DCD - SCD + CPR)
    Destination Clock Delay (DCD):    4.851ns
    Source Clock Delay      (SCD):    0.000ns
    Clock Pessimism Removal (CPR):    0.000ns
  Clock Uncertainty:      0.025ns  ((TSJ^2 + TIJ^2)^1/2 + DJ) / 2 + PE
    Total System Jitter     (TSJ):    0.050ns
    Total Input Jitter      (TIJ):    0.000ns
    Discrete Jitter          (DJ):    0.000ns
    Phase Error              (PE):    0.000ns

    Location             Delay type                Incr(ns)  Path(ns)    Netlist Resource(s)
  -------------------------------------------------------------------    -------------------
    U18                                               0.000     0.000 r  RST (IN)
                         net (fo=0)                   0.000     0.000    RST
    U18                  IBUF (Prop_ibuf_I_O)         1.441     1.441 r  RST_IBUF_inst/O
                         net (fo=16, routed)          4.017     5.458    RST_IBUF
    SLICE_X64Y51         FDRE                                         r  counter_sw15_reg[0]/R
  -------------------------------------------------------------------    -------------------

                         (clock sys_clk_pin rise edge)
                                                      0.000     0.000 r  
    W5                                                0.000     0.000 r  CLK (IN)
                         net (fo=0)                   0.000     0.000    CLK
    W5                   IBUF (Prop_ibuf_I_O)         1.388     1.388 r  CLK_IBUF_inst/O
                         net (fo=1, routed)           1.862     3.250    CLK_IBUF
    BUFGCTRL_X0Y0        BUFG (Prop_bufg_I_O)         0.091     3.341 r  CLK_IBUF_BUFG_inst/O
                         net (fo=46, routed)          1.510     4.851    CLK_IBUF_BUFG
    SLICE_X64Y51         FDRE                                         r  counter_sw15_reg[0]/C

Slack:                    inf
  Source:                 RST
                            (input port)
  Destination:            counter_sw15_reg[1]/R
                            (rising edge-triggered cell FDRE clocked by sys_clk_pin  {rise@0.000ns fall@5.000ns period=10.000ns})
  Path Group:             (none)
  Path Type:              Setup (Max at Slow Process Corner)
  Data Path Delay:        5.458ns  (logic 1.441ns (26.408%)  route 4.017ns (73.592%))
  Logic Levels:           1  (IBUF=1)
  Clock Path Skew:        4.851ns (DCD - SCD + CPR)
    Destination Clock Delay (DCD):    4.851ns
    Source Clock Delay      (SCD):    0.000ns
    Clock Pessimism Removal (CPR):    0.000ns
  Clock Uncertainty:      0.025ns  ((TSJ^2 + TIJ^2)^1/2 + DJ) / 2 + PE
    Total System Jitter     (TSJ):    0.050ns
    Total Input Jitter      (TIJ):    0.000ns
    Discrete Jitter          (DJ):    0.000ns
    Phase Error              (PE):    0.000ns

    Location             Delay type                Incr(ns)  Path(ns)    Netlist Resource(s)
  -------------------------------------------------------------------    -------------------
    U18                                               0.000     0.000 r  RST (IN)
                         net (fo=0)                   0.000     0.000    RST
    U18                  IBUF (Prop_ibuf_I_O)         1.441     1.441 r  RST_IBUF_inst/O
                         net (fo=16, routed)          4.017     5.458    RST_IBUF
    SLICE_X64Y51         FDRE                                         r  counter_sw15_reg[1]/R
  -------------------------------------------------------------------    -------------------

                         (clock sys_clk_pin rise edge)
                                                      0.000     0.000 r  
    W5                                                0.000     0.000 r  CLK (IN)
                         net (fo=0)                   0.000     0.000    CLK
    W5                   IBUF (Prop_ibuf_I_O)         1.388     1.388 r  CLK_IBUF_inst/O
                         net (fo=1, routed)           1.862     3.250    CLK_IBUF
    BUFGCTRL_X0Y0        BUFG (Prop_bufg_I_O)         0.091     3.341 r  CLK_IBUF_BUFG_inst/O
                         net (fo=46, routed)          1.510     4.851    CLK_IBUF_BUFG
    SLICE_X64Y51         FDRE                                         r  counter_sw15_reg[1]/C

Slack:                    inf
  Source:                 RST
                            (input port)
  Destination:            counter_sw15_reg[2]/R
                            (rising edge-triggered cell FDRE clocked by sys_clk_pin  {rise@0.000ns fall@5.000ns period=10.000ns})
  Path Group:             (none)
  Path Type:              Setup (Max at Slow Process Corner)
  Data Path Delay:        5.458ns  (logic 1.441ns (26.408%)  route 4.017ns (73.592%))
  Logic Levels:           1  (IBUF=1)
  Clock Path Skew:        4.851ns (DCD - SCD + CPR)
    Destination Clock Delay (DCD):    4.851ns
    Source Clock Delay      (SCD):    0.000ns
    Clock Pessimism Removal (CPR):    0.000ns
  Clock Uncertainty:      0.025ns  ((TSJ^2 + TIJ^2)^1/2 + DJ) / 2 + PE
    Total System Jitter     (TSJ):    0.050ns
    Total Input Jitter      (TIJ):    0.000ns
    Discrete Jitter          (DJ):    0.000ns
    Phase Error              (PE):    0.000ns

    Location             Delay type                Incr(ns)  Path(ns)    Netlist Resource(s)
  -------------------------------------------------------------------    -------------------
    U18                                               0.000     0.000 r  RST (IN)
                         net (fo=0)                   0.000     0.000    RST
    U18                  IBUF (Prop_ibuf_I_O)         1.441     1.441 r  RST_IBUF_inst/O
                         net (fo=16, routed)          4.017     5.458    RST_IBUF
    SLICE_X64Y51         FDRE                                         r  counter_sw15_reg[2]/R
  -------------------------------------------------------------------    -------------------

                         (clock sys_clk_pin rise edge)
                                                      0.000     0.000 r  
    W5                                                0.000     0.000 r  CLK (IN)
                         net (fo=0)                   0.000     0.000    CLK
    W5                   IBUF (Prop_ibuf_I_O)         1.388     1.388 r  CLK_IBUF_inst/O
                         net (fo=1, routed)           1.862     3.250    CLK_IBUF
    BUFGCTRL_X0Y0        BUFG (Prop_bufg_I_O)         0.091     3.341 r  CLK_IBUF_BUFG_inst/O
                         net (fo=46, routed)          1.510     4.851    CLK_IBUF_BUFG
    SLICE_X64Y51         FDRE                                         r  counter_sw15_reg[2]/C

Slack:                    inf
  Source:                 SW[1]
                            (input port)
  Destination:            counter_sw15_reg[0]/CE
                            (rising edge-triggered cell FDRE clocked by sys_clk_pin  {rise@0.000ns fall@5.000ns period=10.000ns})
  Path Group:             (none)
  Path Type:              Setup (Max at Slow Process Corner)
  Data Path Delay:        3.127ns  (logic 1.580ns (50.531%)  route 1.547ns (49.469%))
  Logic Levels:           2  (IBUF=1 LUT2=1)
  Clock Path Skew:        4.851ns (DCD - SCD + CPR)
    Destination Clock Delay (DCD):    4.851ns
    Source Clock Delay      (SCD):    0.000ns
    Clock Pessimism Removal (CPR):    0.000ns
  Clock Uncertainty:      0.025ns  ((TSJ^2 + TIJ^2)^1/2 + DJ) / 2 + PE
    Total System Jitter     (TSJ):    0.050ns
    Total Input Jitter      (TIJ):    0.000ns
    Discrete Jitter          (DJ):    0.000ns
    Phase Error              (PE):    0.000ns

    Location             Delay type                Incr(ns)  Path(ns)    Netlist Resource(s)
  -------------------------------------------------------------------    -------------------
    R2                                                0.000     0.000 r  SW[1] (IN)
                         net (fo=0)                   0.000     0.000    SW[1]
    R2                   IBUF (Prop_ibuf_I_O)         1.456     1.456 r  SW_IBUF[1]_inst/O
                         net (fo=2, routed)           1.061     2.518    SW_IBUF[1]
    SLICE_X64Y53         LUT2 (Prop_lut2_I0_O)        0.124     2.642 r  counter_sw15[7]_i_1/O
                         net (fo=8, routed)           0.486     3.127    counter_sw150
    SLICE_X64Y51         FDRE                                         r  counter_sw15_reg[0]/CE
  -------------------------------------------------------------------    -------------------

                         (clock sys_clk_pin rise edge)
                                                      0.000     0.000 r  
    W5                                                0.000     0.000 r  CLK (IN)
                         net (fo=0)                   0.000     0.000    CLK
    W5                   IBUF (Prop_ibuf_I_O)         1.388     1.388 r  CLK_IBUF_inst/O
                         net (fo=1, routed)           1.862     3.250    CLK_IBUF
    BUFGCTRL_X0Y0        BUFG (Prop_bufg_I_O)         0.091     3.341 r  CLK_IBUF_BUFG_inst/O
                         net (fo=46, routed)          1.510     4.851    CLK_IBUF_BUFG
    SLICE_X64Y51         FDRE                                         r  counter_sw15_reg[0]/C

Slack:                    inf
  Source:                 SW[1]
                            (input port)
  Destination:            counter_sw15_reg[1]/CE
                            (rising edge-triggered cell FDRE clocked by sys_clk_pin  {rise@0.000ns fall@5.000ns period=10.000ns})
  Path Group:             (none)
  Path Type:              Setup (Max at Slow Process Corner)
  Data Path Delay:        3.127ns  (logic 1.580ns (50.531%)  route 1.547ns (49.469%))
  Logic Levels:           2  (IBUF=1 LUT2=1)
  Clock Path Skew:        4.851ns (DCD - SCD + CPR)
    Destination Clock Delay (DCD):    4.851ns
    Source Clock Delay      (SCD):    0.000ns
    Clock Pessimism Removal (CPR):    0.000ns
  Clock Uncertainty:      0.025ns  ((TSJ^2 + TIJ^2)^1/2 + DJ) / 2 + PE
    Total System Jitter     (TSJ):    0.050ns
    Total Input Jitter      (TIJ):    0.000ns
    Discrete Jitter          (DJ):    0.000ns
    Phase Error              (PE):    0.000ns

    Location             Delay type                Incr(ns)  Path(ns)    Netlist Resource(s)
  -------------------------------------------------------------------    -------------------
    R2                                                0.000     0.000 r  SW[1] (IN)
                         net (fo=0)                   0.000     0.000    SW[1]
    R2                   IBUF (Prop_ibuf_I_O)         1.456     1.456 r  SW_IBUF[1]_inst/O
                         net (fo=2, routed)           1.061     2.518    SW_IBUF[1]
    SLICE_X64Y53         LUT2 (Prop_lut2_I0_O)        0.124     2.642 r  counter_sw15[7]_i_1/O
                         net (fo=8, routed)           0.486     3.127    counter_sw150
    SLICE_X64Y51         FDRE                                         r  counter_sw15_reg[1]/CE
  -------------------------------------------------------------------    -------------------

                         (clock sys_clk_pin rise edge)
                                                      0.000     0.000 r  
    W5                                                0.000     0.000 r  CLK (IN)
                         net (fo=0)                   0.000     0.000    CLK
    W5                   IBUF (Prop_ibuf_I_O)         1.388     1.388 r  CLK_IBUF_inst/O
                         net (fo=1, routed)           1.862     3.250    CLK_IBUF
    BUFGCTRL_X0Y0        BUFG (Prop_bufg_I_O)         0.091     3.341 r  CLK_IBUF_BUFG_inst/O
                         net (fo=46, routed)          1.510     4.851    CLK_IBUF_BUFG
    SLICE_X64Y51         FDRE                                         r  counter_sw15_reg[1]/C





Min Delay Paths
--------------------------------------------------------------------------------------
Slack:                    inf
  Source:                 SW[0]
                            (input port)
  Destination:            debounce_i/sync_reg_reg[0]/D
                            (rising edge-triggered cell FDRE clocked by sys_clk_pin  {rise@0.000ns fall@5.000ns period=10.000ns})
  Path Group:             (none)
  Path Type:              Hold (Min at Fast Process Corner)
  Data Path Delay:        0.521ns  (logic 0.221ns (42.448%)  route 0.300ns (57.552%))
  Logic Levels:           1  (IBUF=1)
  Clock Path Skew:        1.991ns (DCD - SCD - CPR)
    Destination Clock Delay (DCD):    1.991ns
    Source Clock Delay      (SCD):    0.000ns
    Clock Pessimism Removal (CPR):    -0.000ns

    Location             Delay type                Incr(ns)  Path(ns)    Netlist Resource(s)
  -------------------------------------------------------------------    -------------------
    V17                                               0.000     0.000 r  SW[0] (IN)
                         net (fo=0)                   0.000     0.000    SW[0]
    V17                  IBUF (Prop_ibuf_I_O)         0.221     0.221 r  SW_IBUF[0]_inst/O
                         net (fo=1, routed)           0.300     0.521    debounce_i/D[0]
    SLICE_X0Y11          FDRE                                         r  debounce_i/sync_reg_reg[0]/D
  -------------------------------------------------------------------    -------------------

                         (clock sys_clk_pin rise edge)
                                                      0.000     0.000 r  
    W5                                                0.000     0.000 r  CLK (IN)
                         net (fo=0)                   0.000     0.000    CLK
    W5                   IBUF (Prop_ibuf_I_O)         0.414     0.414 r  CLK_IBUF_inst/O
                         net (fo=1, routed)           0.685     1.099    CLK_IBUF
    BUFGCTRL_X0Y0        BUFG (Prop_bufg_I_O)         0.029     1.128 r  CLK_IBUF_BUFG_inst/O
                         net (fo=46, routed)          0.864     1.991    debounce_i/CLK_IBUF_BUFG
    SLICE_X0Y11          FDRE                                         r  debounce_i/sync_reg_reg[0]/C

Slack:                    inf
  Source:                 RST
                            (input port)
  Destination:            counter_sw0_reg[1]/R
                            (rising edge-triggered cell FDRE clocked by sys_clk_pin  {rise@0.000ns fall@5.000ns period=10.000ns})
  Path Group:             (none)
  Path Type:              Hold (Min at Fast Process Corner)
  Data Path Delay:        0.583ns  (logic 0.210ns (35.952%)  route 0.373ns (64.048%))
  Logic Levels:           1  (IBUF=1)
  Clock Path Skew:        1.988ns (DCD - SCD - CPR)
    Destination Clock Delay (DCD):    1.988ns
    Source Clock Delay      (SCD):    0.000ns
    Clock Pessimism Removal (CPR):    -0.000ns

    Location             Delay type                Incr(ns)  Path(ns)    Netlist Resource(s)
  -------------------------------------------------------------------    -------------------
    U18                                               0.000     0.000 r  RST (IN)
                         net (fo=0)                   0.000     0.000    RST
    U18                  IBUF (Prop_ibuf_I_O)         0.210     0.210 r  RST_IBUF_inst/O
                         net (fo=16, routed)          0.373     0.583    RST_IBUF
    SLICE_X0Y13          FDRE                                         r  counter_sw0_reg[1]/R
  -------------------------------------------------------------------    -------------------

                         (clock sys_clk_pin rise edge)
                                                      0.000     0.000 r  
    W5                                                0.000     0.000 r  CLK (IN)
                         net (fo=0)                   0.000     0.000    CLK
    W5                   IBUF (Prop_ibuf_I_O)         0.414     0.414 r  CLK_IBUF_inst/O
                         net (fo=1, routed)           0.685     1.099    CLK_IBUF
    BUFGCTRL_X0Y0        BUFG (Prop_bufg_I_O)         0.029     1.128 r  CLK_IBUF_BUFG_inst/O
                         net (fo=46, routed)          0.861     1.988    CLK_IBUF_BUFG
    SLICE_X0Y13          FDRE                                         r  counter_sw0_reg[1]/C

Slack:                    inf
  Source:                 RST
                            (input port)
  Destination:            counter_sw0_reg[2]/R
                            (rising edge-triggered cell FDRE clocked by sys_clk_pin  {rise@0.000ns fall@5.000ns period=10.000ns})
  Path Group:             (none)
  Path Type:              Hold (Min at Fast Process Corner)
  Data Path Delay:        0.583ns  (logic 0.210ns (35.952%)  route 0.373ns (64.048%))
  Logic Levels:           1  (IBUF=1)
  Clock Path Skew:        1.988ns (DCD - SCD - CPR)
    Destination Clock Delay (DCD):    1.988ns
    Source Clock Delay      (SCD):    0.000ns
    Clock Pessimism Removal (CPR):    -0.000ns

    Location             Delay type                Incr(ns)  Path(ns)    Netlist Resource(s)
  -------------------------------------------------------------------    -------------------
    U18                                               0.000     0.000 r  RST (IN)
                         net (fo=0)                   0.000     0.000    RST
    U18                  IBUF (Prop_ibuf_I_O)         0.210     0.210 r  RST_IBUF_inst/O
                         net (fo=16, routed)          0.373     0.583    RST_IBUF
    SLICE_X0Y13          FDRE                                         r  counter_sw0_reg[2]/R
  -------------------------------------------------------------------    -------------------

                         (clock sys_clk_pin rise edge)
                                                      0.000     0.000 r  
    W5                                                0.000     0.000 r  CLK (IN)
                         net (fo=0)                   0.000     0.000    CLK
    W5                   IBUF (Prop_ibuf_I_O)         0.414     0.414 r  CLK_IBUF_inst/O
                         net (fo=1, routed)           0.685     1.099    CLK_IBUF
    BUFGCTRL_X0Y0        BUFG (Prop_bufg_I_O)         0.029     1.128 r  CLK_IBUF_BUFG_inst/O
                         net (fo=46, routed)          0.861     1.988    CLK_IBUF_BUFG
    SLICE_X0Y13          FDRE                                         r  counter_sw0_reg[2]/C

Slack:                    inf
  Source:                 RST
                            (input port)
  Destination:            counter_sw0_reg[3]/R
                            (rising edge-triggered cell FDRE clocked by sys_clk_pin  {rise@0.000ns fall@5.000ns period=10.000ns})
  Path Group:             (none)
  Path Type:              Hold (Min at Fast Process Corner)
  Data Path Delay:        0.583ns  (logic 0.210ns (35.952%)  route 0.373ns (64.048%))
  Logic Levels:           1  (IBUF=1)
  Clock Path Skew:        1.988ns (DCD - SCD - CPR)
    Destination Clock Delay (DCD):    1.988ns
    Source Clock Delay      (SCD):    0.000ns
    Clock Pessimism Removal (CPR):    -0.000ns

    Location             Delay type                Incr(ns)  Path(ns)    Netlist Resource(s)
  -------------------------------------------------------------------    -------------------
    U18                                               0.000     0.000 r  RST (IN)
                         net (fo=0)                   0.000     0.000    RST
    U18                  IBUF (Prop_ibuf_I_O)         0.210     0.210 r  RST_IBUF_inst/O
                         net (fo=16, routed)          0.373     0.583    RST_IBUF
    SLICE_X0Y13          FDRE                                         r  counter_sw0_reg[3]/R
  -------------------------------------------------------------------    -------------------

                         (clock sys_clk_pin rise edge)
                                                      0.000     0.000 r  
    W5                                                0.000     0.000 r  CLK (IN)
                         net (fo=0)                   0.000     0.000    CLK
    W5                   IBUF (Prop_ibuf_I_O)         0.414     0.414 r  CLK_IBUF_inst/O
                         net (fo=1, routed)           0.685     1.099    CLK_IBUF
    BUFGCTRL_X0Y0        BUFG (Prop_bufg_I_O)         0.029     1.128 r  CLK_IBUF_BUFG_inst/O
                         net (fo=46, routed)          0.861     1.988    CLK_IBUF_BUFG
    SLICE_X0Y13          FDRE                                         r  counter_sw0_reg[3]/C

Slack:                    inf
  Source:                 RST
                            (input port)
  Destination:            counter_sw0_reg[4]/R
                            (rising edge-triggered cell FDRE clocked by sys_clk_pin  {rise@0.000ns fall@5.000ns period=10.000ns})
  Path Group:             (none)
  Path Type:              Hold (Min at Fast Process Corner)
  Data Path Delay:        0.583ns  (logic 0.210ns (35.952%)  route 0.373ns (64.048%))
  Logic Levels:           1  (IBUF=1)
  Clock Path Skew:        1.988ns (DCD - SCD - CPR)
    Destination Clock Delay (DCD):    1.988ns
    Source Clock Delay      (SCD):    0.000ns
    Clock Pessimism Removal (CPR):    -0.000ns

    Location             Delay type                Incr(ns)  Path(ns)    Netlist Resource(s)
  -------------------------------------------------------------------    -------------------
    U18                                               0.000     0.000 r  RST (IN)
                         net (fo=0)                   0.000     0.000    RST
    U18                  IBUF (Prop_ibuf_I_O)         0.210     0.210 r  RST_IBUF_inst/O
                         net (fo=16, routed)          0.373     0.583    RST_IBUF
    SLICE_X0Y13          FDRE                                         r  counter_sw0_reg[4]/R
  -------------------------------------------------------------------    -------------------

                         (clock sys_clk_pin rise edge)
                                                      0.000     0.000 r  
    W5                                                0.000     0.000 r  CLK (IN)
                         net (fo=0)                   0.000     0.000    CLK
    W5                   IBUF (Prop_ibuf_I_O)         0.414     0.414 r  CLK_IBUF_inst/O
                         net (fo=1, routed)           0.685     1.099    CLK_IBUF
    BUFGCTRL_X0Y0        BUFG (Prop_bufg_I_O)         0.029     1.128 r  CLK_IBUF_BUFG_inst/O
                         net (fo=46, routed)          0.861     1.988    CLK_IBUF_BUFG
    SLICE_X0Y13          FDRE                                         r  counter_sw0_reg[4]/C

Slack:                    inf
  Source:                 RST
                            (input port)
  Destination:            counter_sw0_reg[5]/R
                            (rising edge-triggered cell FDRE clocked by sys_clk_pin  {rise@0.000ns fall@5.000ns period=10.000ns})
  Path Group:             (none)
  Path Type:              Hold (Min at Fast Process Corner)
  Data Path Delay:        0.583ns  (logic 0.210ns (35.952%)  route 0.373ns (64.048%))
  Logic Levels:           1  (IBUF=1)
  Clock Path Skew:        1.988ns (DCD - SCD - CPR)
    Destination Clock Delay (DCD):    1.988ns
    Source Clock Delay      (SCD):    0.000ns
    Clock Pessimism Removal (CPR):    -0.000ns

    Location             Delay type                Incr(ns)  Path(ns)    Netlist Resource(s)
  -------------------------------------------------------------------    -------------------
    U18                                               0.000     0.000 r  RST (IN)
                         net (fo=0)                   0.000     0.000    RST
    U18                  IBUF (Prop_ibuf_I_O)         0.210     0.210 r  RST_IBUF_inst/O
                         net (fo=16, routed)          0.373     0.583    RST_IBUF
    SLICE_X0Y13          FDRE                                         r  counter_sw0_reg[5]/R
  -------------------------------------------------------------------    -------------------

                         (clock sys_clk_pin rise edge)
                                                      0.000     0.000 r  
    W5                                                0.000     0.000 r  CLK (IN)
                         net (fo=0)                   0.000     0.000    CLK
    W5                   IBUF (Prop_ibuf_I_O)         0.414     0.414 r  CLK_IBUF_inst/O
                         net (fo=1, routed)           0.685     1.099    CLK_IBUF
    BUFGCTRL_X0Y0        BUFG (Prop_bufg_I_O)         0.029     1.128 r  CLK_IBUF_BUFG_inst/O
                         net (fo=46, routed)          0.861     1.988    CLK_IBUF_BUFG
    SLICE_X0Y13          FDRE                                         r  counter_sw0_reg[5]/C

Slack:                    inf
  Source:                 RST
                            (input port)
  Destination:            counter_sw0_reg[0]/R
                            (rising edge-triggered cell FDRE clocked by sys_clk_pin  {rise@0.000ns fall@5.000ns period=10.000ns})
  Path Group:             (none)
  Path Type:              Hold (Min at Fast Process Corner)
  Data Path Delay:        0.647ns  (logic 0.210ns (32.404%)  route 0.437ns (67.596%))
  Logic Levels:           1  (IBUF=1)
  Clock Path Skew:        1.989ns (DCD - SCD - CPR)
    Destination Clock Delay (DCD):    1.989ns
    Source Clock Delay      (SCD):    0.000ns
    Clock Pessimism Removal (CPR):    -0.000ns

    Location             Delay type                Incr(ns)  Path(ns)    Netlist Resource(s)
  -------------------------------------------------------------------    -------------------
    U18                                               0.000     0.000 r  RST (IN)
                         net (fo=0)                   0.000     0.000    RST
    U18                  IBUF (Prop_ibuf_I_O)         0.210     0.210 r  RST_IBUF_inst/O
                         net (fo=16, routed)          0.437     0.647    RST_IBUF
    SLICE_X0Y12          FDRE                                         r  counter_sw0_reg[0]/R
  -------------------------------------------------------------------    -------------------

                         (clock sys_clk_pin rise edge)
                                                      0.000     0.000 r  
    W5                                                0.000     0.000 r  CLK (IN)
                         net (fo=0)                   0.000     0.000    CLK
    W5                   IBUF (Prop_ibuf_I_O)         0.414     0.414 r  CLK_IBUF_inst/O
                         net (fo=1, routed)           0.685     1.099    CLK_IBUF
    BUFGCTRL_X0Y0        BUFG (Prop_bufg_I_O)         0.029     1.128 r  CLK_IBUF_BUFG_inst/O
                         net (fo=46, routed)          0.862     1.989    CLK_IBUF_BUFG
    SLICE_X0Y12          FDRE                                         r  counter_sw0_reg[0]/C

Slack:                    inf
  Source:                 SW[1]
                            (input port)
  Destination:            sw15_prev_reg/D
                            (rising edge-triggered cell FDRE clocked by sys_clk_pin  {rise@0.000ns fall@5.000ns period=10.000ns})
  Path Group:             (none)
  Path Type:              Hold (Min at Fast Process Corner)
  Data Path Delay:        0.672ns  (logic 0.224ns (33.378%)  route 0.448ns (66.622%))
  Logic Levels:           1  (IBUF=1)
  Clock Path Skew:        1.991ns (DCD - SCD - CPR)
    Destination Clock Delay (DCD):    1.991ns
    Source Clock Delay      (SCD):    0.000ns
    Clock Pessimism Removal (CPR):    -0.000ns

    Location             Delay type                Incr(ns)  Path(ns)    Netlist Resource(s)
  -------------------------------------------------------------------    -------------------
    R2                                                0.000     0.000 r  SW[1] (IN)
                         net (fo=0)                   0.000     0.000    SW[1]
    R2                   IBUF (Prop_ibuf_I_O)         0.224     0.224 r  SW_IBUF[1]_inst/O
                         net (fo=2, routed)           0.448     0.672    SW_IBUF[1]
    SLICE_X64Y53         FDRE                                         r  sw15_prev_reg/D
  -------------------------------------------------------------------    -------------------

                         (clock sys_clk_pin rise edge)
                                                      0.000     0.000 r  
    W5                                                0.000     0.000 r  CLK (IN)
                         net (fo=0)                   0.000     0.000    CLK
    W5                   IBUF (Prop_ibuf_I_O)         0.414     0.414 r  CLK_IBUF_inst/O
                         net (fo=1, routed)           0.685     1.099    CLK_IBUF
    BUFGCTRL_X0Y0        BUFG (Prop_bufg_I_O)         0.029     1.128 r  CLK_IBUF_BUFG_inst/O
                         net (fo=46, routed)          0.863     1.991    CLK_IBUF_BUFG
    SLICE_X64Y53         FDRE                                         r  sw15_prev_reg/C

Slack:                    inf
  Source:                 RST
                            (input port)
  Destination:            counter_sw0_reg[6]/R
                            (rising edge-triggered cell FDRE clocked by sys_clk_pin  {rise@0.000ns fall@5.000ns period=10.000ns})
  Path Group:             (none)
  Path Type:              Hold (Min at Fast Process Corner)
  Data Path Delay:        0.707ns  (logic 0.210ns (29.650%)  route 0.497ns (70.350%))
  Logic Levels:           1  (IBUF=1)
  Clock Path Skew:        1.991ns (DCD - SCD - CPR)
    Destination Clock Delay (DCD):    1.991ns
    Source Clock Delay      (SCD):    0.000ns
    Clock Pessimism Removal (CPR):    -0.000ns

    Location             Delay type                Incr(ns)  Path(ns)    Netlist Resource(s)
  -------------------------------------------------------------------    -------------------
    U18                                               0.000     0.000 r  RST (IN)
                         net (fo=0)                   0.000     0.000    RST
    U18                  IBUF (Prop_ibuf_I_O)         0.210     0.210 r  RST_IBUF_inst/O
                         net (fo=16, routed)          0.497     0.707    RST_IBUF
    SLICE_X0Y10          FDRE                                         r  counter_sw0_reg[6]/R
  -------------------------------------------------------------------    -------------------

                         (clock sys_clk_pin rise edge)
                                                      0.000     0.000 r  
    W5                                                0.000     0.000 r  CLK (IN)
                         net (fo=0)                   0.000     0.000    CLK
    W5                   IBUF (Prop_ibuf_I_O)         0.414     0.414 r  CLK_IBUF_inst/O
                         net (fo=1, routed)           0.685     1.099    CLK_IBUF
    BUFGCTRL_X0Y0        BUFG (Prop_bufg_I_O)         0.029     1.128 r  CLK_IBUF_BUFG_inst/O
                         net (fo=46, routed)          0.864     1.991    CLK_IBUF_BUFG
    SLICE_X0Y10          FDRE                                         r  counter_sw0_reg[6]/C

Slack:                    inf
  Source:                 RST
                            (input port)
  Destination:            counter_sw0_reg[7]/R
                            (rising edge-triggered cell FDRE clocked by sys_clk_pin  {rise@0.000ns fall@5.000ns period=10.000ns})
  Path Group:             (none)
  Path Type:              Hold (Min at Fast Process Corner)
  Data Path Delay:        0.707ns  (logic 0.210ns (29.650%)  route 0.497ns (70.350%))
  Logic Levels:           1  (IBUF=1)
  Clock Path Skew:        1.991ns (DCD - SCD - CPR)
    Destination Clock Delay (DCD):    1.991ns
    Source Clock Delay      (SCD):    0.000ns
    Clock Pessimism Removal (CPR):    -0.000ns

    Location             Delay type                Incr(ns)  Path(ns)    Netlist Resource(s)
  -------------------------------------------------------------------    -------------------
    U18                                               0.000     0.000 r  RST (IN)
                         net (fo=0)                   0.000     0.000    RST
    U18                  IBUF (Prop_ibuf_I_O)         0.210     0.210 r  RST_IBUF_inst/O
                         net (fo=16, routed)          0.497     0.707    RST_IBUF
    SLICE_X0Y10          FDRE                                         r  counter_sw0_reg[7]/R
  -------------------------------------------------------------------    -------------------

                         (clock sys_clk_pin rise edge)
                                                      0.000     0.000 r  
    W5                                                0.000     0.000 r  CLK (IN)
                         net (fo=0)                   0.000     0.000    CLK
    W5                   IBUF (Prop_ibuf_I_O)         0.414     0.414 r  CLK_IBUF_inst/O
                         net (fo=1, routed)           0.685     1.099    CLK_IBUF
    BUFGCTRL_X0Y0        BUFG (Prop_bufg_I_O)         0.029     1.128 r  CLK_IBUF_BUFG_inst/O
                         net (fo=46, routed)          0.864     1.991    CLK_IBUF_BUFG
    SLICE_X0Y10          FDRE                                         r  counter_sw0_reg[7]/C





